VIN,BRAND,MODEL,COLOR,ENGINE,TRANSMISSION,MPG,DEALER_ID,DATE_SOLD_TO_DEALER,MANUFACTURER
9C2Q5A7Q6O6E8O9T5,Panoz,Esperante,Orange,1,leading edge,27,1,2018-03-01,"Roberts, Pacocha and Hills"
0S1F4Z3W6J1F6T9T5,Ford,Taurus,Fuscia,8,Focused,21,2,2017-08-16,Runte and Sons
6S9Z2K5D1N3N3E8T3,Land Rover,Range Rover,Pink,11,scalable,17,3,2017-11-12,Dibbert-Kuphal
2D8W5A2Y5K3E7H7N3,Hyundai,Excel,Mauv,1,hardware,45,4,2018-03-08,"Haag, Gutkowski and Von"
1Y9M9T1C2P1K5N8O7,Chevrolet,Malibu,Green,2,human-resource,31,5,2018-01-02,Daugherty-Schultz
5Z6C0C9B0J2K5C4A1,Mercedes-Benz,R-Class,Indigo,4,Digitized,12,6,2017-05-24,Wolff Inc
1X8K6Y0A4J5Q8Q6Q9,Dodge,Ram 3500,Mauv,11,Cross-platform,31,7,2017-12-04,Hegmann LLC
0B7D3S4S6T7F3E3H5,Suzuki,Reno,Indigo,10,protocol,50,8,2017-08-06,Treutel LLC
4B2L0F3T2X8C6W6P9,Dodge,Durango,Maroon,5,superstructure,38,9,2017-04-25,"Brekke, Schroeder and Braun"
4P1P3G1X4E2B2H3U8,GMC,Sierra 1500,Fuscia,3,Extended,41,10,2017-09-28,Lind LLC
7Q8V1D1C7K9E8E4W2,Chevrolet,Monte Carlo,Fuscia,8,hardware,25,11,2017-12-09,Altenwerth LLC
5I9S1I8S3S9B6L5B0,Ford,Ranger,Indigo,16,Assimilated,24,12,2017-06-01,Goldner-Murazik
1J3A2V6P5F3T3R3O7,Plymouth,Sundance,Blue,12,dynamic,40,13,2017-09-16,Wolff LLC
6U7M5A5T8D7P6Y4M2,Ford,Mustang,Yellow,1,parallelism,30,14,2017-04-04,Smitham LLC
0Q7P8Z6S9H8A0N3X7,BMW,X6 M,Mauv,12,moratorium,13,15,2018-03-05,Will Inc
6C5V0V8F8K2A1T0J6,Mazda,626,Yellow,9,Organic,13,16,2018-02-04,"Hansen, Aufderhar and Volkman"
9V2P7Q1Q1M6M0Y7L1,Mitsubishi,Diamante,Orange,1,policy,14,17,2018-02-03,Jacobs Group
1J2H6I5F4N8U3D6I7,Jaguar,S-Type,Violet,15,Open-architected,32,18,2017-12-30,"Luettgen, Buckridge and Jones"
4N4B4P6X7S9A0O4S6,Suzuki,Grand Vitara,Orange,4,hybrid,49,19,2017-09-08,Wyman-Rau
0G9Q3D5U2U2W8S3W7,Pontiac,Solstice,Fuscia,6,analyzing,30,20,2018-02-01,"Rempel, Mante and Sawayn"
2Q9E7N6M2S0U0Y5N5,Bentley,Mulsanne,Green,15,solution,20,21,2017-06-23,Boyle-Miller
2P2V9Q0R5Z8E0U1R4,Infiniti,Q,Maroon,6,strategy,45,22,2017-10-16,"Franecki, Powlowski and Feeney"
1P9M5U7S6F1M6J6J7,Honda,Odyssey,Red,5,bifurcated,40,23,2018-01-15,Nitzsche-Sporer
1A1X8E0A4M5X8P4W8,Saab,9000,Fuscia,16,architecture,48,24,2017-06-17,"Jones, Okuneva and Heidenreich"
4C4V0T9T0M7W8P6U6,Chevrolet,Tracker,Teal,8,intermediate,50,25,2017-06-27,Cummerata LLC
6B8N8Q7D1I3K1C8J3,Hyundai,Genesis,Mauv,10,Devolved,46,26,2017-12-26,Schuster-Runolfsdottir
3G9J6D0N5X0E5B7K1,Dodge,Neon,Indigo,14,projection,15,27,2017-05-14,Carter and Sons
8D9P2Q8N7H1O9J9I3,Pontiac,Firefly,Goldenrod,12,Visionary,25,28,2018-03-05,"Lehner, Ebert and Harber"
7J1I8T9U8F5A6T8X8,Honda,Civic,Maroon,15,coherent,43,29,2017-12-20,Erdman-Murazik
6P2Q1I9P7C4L1B4B9,Saturn,S-Series,Green,4,Integrated,39,30,2017-06-14,Kassulke and Sons
6G8H8J6C2I5V1H0C7,Mitsubishi,Montero,Pink,5,Progressive,19,31,2017-05-12,"Wolff, Balistreri and Howe"
3J0T2F9F9X6A4E6F3,Volvo,C70,Blue,6,website,36,32,2018-02-05,Rogahn Inc
5B0U0I4Z9K3Y9M4W4,Ford,F-Series Super Duty,Green,2,Re-contextualized,16,33,2017-06-18,Leannon Inc
9P0B0Y8G1M2X8G7A7,Jeep,Compass,Red,2,Multi-lateral,48,34,2017-06-15,"Lebsack, Pfeffer and Cole"
7T5T6R0Q2W6L2N9C8,Plymouth,Neon,Purple,3,Cloned,40,35,2017-11-15,Goldner-Bogisich
0M6B2A9Y9C3U1Z3Q8,Lamborghini,Gallardo,Violet,14,pricing structure,38,36,2017-10-15,Kulas Inc
0V4D5A0P6H4J7C5K8,Chrysler,300,Maroon,8,Fundamental,24,37,2018-01-16,Denesik-Daniel
5T5L3N7E4F1A7D0B7,Ford,Ranger,Teal,1,bifurcated,25,38,2017-04-24,Reinger-Greenholt
6M6B0G5F4O2F0B9Z2,Plymouth,Prowler,Puce,3,knowledge user,31,39,2017-09-03,"Reilly, Denesik and Reynolds"
8R0D9G9X0U0R0S7S1,Mazda,Mazda5,Aquamarine,13,Devolved,39,40,2018-02-25,Leffler-Carroll
4H6T6Y7H9H8A8T2T5,GMC,Sierra 2500,Fuscia,16,needs-based,23,41,2017-12-27,Keebler and Sons
3M3J3M7I2B5B7X1V8,Mercedes-Benz,E-Class,Orange,12,composite,32,42,2017-10-12,Bashirian Group
5D6Q5T8J2F4X1J4E5,Pontiac,Sunbird,Crimson,15,Reduced,32,43,2017-12-17,"Fadel, Gerlach and Kub"
3U5P5I2C1S9L5M6D6,Spyker,C8,Puce,13,matrix,11,44,2017-04-22,Boehm LLC
2X0W8U5J1H7L0V0V0,Chevrolet,Camaro,Khaki,4,core,15,45,2017-03-25,"Cremin, Donnelly and Cole"
2H2U4B8C1B8W9A2P8,Pontiac,Trans Sport,Red,2,Vision-oriented,23,46,2018-02-26,Auer-Brekke
2S5Y3C4D9Z0C2U0Z1,Pontiac,Montana,Turquoise,2,strategy,30,47,2018-02-09,Kunde-West
4S4M6B0O0H8G1A2U1,Nissan,Maxima,Indigo,9,Mandatory,19,48,2018-02-17,"Rolfson, Cartwright and Weimann"
5C5G2J0U5A3V9Y2H6,Bentley,Continental,Green,10,migration,49,49,2017-03-28,Turcotte Inc
5P3T9U1G8V2A3T7E6,Kia,Sedona,Goldenrod,7,explicit,48,50,2017-09-05,Swaniawski-O'Keefe
3O5N3T9E5P0H4B5P7,Nissan,GT-R,Mauv,12,client-driven,28,51,2017-05-09,Berge-Corwin
4D0L9T1C4T8K5F5I0,Toyota,Tundra,Purple,7,Function-based,25,52,2018-01-12,Metz and Sons
7P7G6I3D6H8K2S0I4,Suzuki,XL7,Fuscia,7,demand-driven,30,53,2017-05-16,Tillman-Mayert
9I7A3Z8Y3S4C7D6L2,GMC,Savana 2500,Khaki,16,system-worthy,31,54,2017-09-21,Johns-Brown
1E2Q7V8H2D9S0F4Q7,Saab,9000,Crimson,16,service-desk,24,55,2018-02-02,Murray-Graham
7C4L4Z6J1I6K6B0P9,Dodge,Grand Caravan,Indigo,13,Profit-focused,47,56,2018-02-24,Spinka-Hoppe
6D5X1O0X9W6T7A6H2,Mitsubishi,Galant,Green,9,bi-directional,12,57,2018-02-02,"Beahan, Pacocha and Senger"
7H0J2B6X0U1B0N4W2,Nissan,370Z,Crimson,11,challenge,46,58,2017-05-02,McKenzie Inc
6T8R4Z6I3L8O0W0H6,Mitsubishi,Mirage,Blue,9,Right-sized,25,59,2017-04-15,"Kunde, Walter and O'Kon"
8G8D3C1L0S0Y5B3L0,Chevrolet,Suburban 2500,Blue,2,task-force,31,60,2017-12-05,Olson-Farrell
7A3D8S5T3B0H3E2A0,Pontiac,Grand Am,Green,4,fault-tolerant,27,61,2018-03-14,Boyer Inc
6V1Z4F4O3M1M6F2V4,Mitsubishi,Precis,Fuscia,10,Phased,10,62,2017-11-14,Nienow LLC
5J5V9B8K5A2Y1E5N4,Honda,Prelude,Green,3,incremental,21,63,2017-10-25,Borer LLC
3F1L1F6R7H2K3Q0O5,Dodge,Viper,Fuscia,13,Reverse-engineered,20,64,2018-01-28,"Hettinger, McCullough and Bernier"
1M4W3D1O4T4T6H4C8,Lamborghini,Countach,Red,16,Progressive,25,65,2017-08-11,Will and Sons
1T4K6E7H3A4R9Q1F6,Ford,E250,Turquoise,5,moratorium,16,66,2018-02-28,"Emmerich, Hansen and Collier"
6G1S3R0G5T7I6T0C0,Lincoln,Continental Mark VII,Fuscia,2,zero administration,22,67,2017-10-10,Bahringer-Heaney
6M4J9G5L6N6W0W9F8,Hyundai,XG350,Maroon,1,moderator,47,68,2017-11-21,Christiansen-Nienow
7W6S8D4K9A5J4Y8A5,Hyundai,Santa Fe,Fuscia,4,productivity,15,69,2017-10-03,"Schuppe, Collins and Marvin"
5N1T5A2J3G7N1I0C4,Suzuki,Reno,Maroon,9,Ergonomic,19,70,2017-06-11,Moen Inc
4Q4E1B7N6I7T1G4R0,Maserati,GranTurismo,Orange,12,coherent,20,71,2018-02-17,McGlynn LLC
7A1M7Y3V2Z5A9H3W7,Cadillac,SRX,Pink,11,function,13,72,2017-11-09,Bernhard-Hermann
8W8G0D8M8X7O8W2X7,Mazda,Miata MX-5,Aquamarine,3,Upgradable,31,73,2018-03-19,Flatley-Runolfsdottir
5V8Q4U3Y7P1O4E6M7,Oldsmobile,Aurora,Khaki,9,human-resource,32,74,2017-08-04,Hodkiewicz-Pagac
7D9H5I2U9J4F2V8M2,GMC,Savana 1500,Teal,10,bi-directional,49,75,2017-03-29,Beer LLC
5P3P0H3O8C3A2G5W1,Toyota,Echo,Goldenrod,13,Object-based,16,76,2018-03-07,Stark Group
5F4H7E1K5P6H1Z6P8,Honda,Accord,Puce,4,time-frame,20,77,2017-09-22,"Sipes, Will and Zulauf"
5H9Q2T7C3N7Y4P5D5,Volvo,240,Pink,7,extranet,45,78,2017-06-21,"Bauch, Moore and Beatty"
8R0S3K5X0D7M9T5Z1,Audi,A8,Pink,11,local area network,15,79,2017-11-09,"Kovacek, Bednar and Schaden"
1D2R5W5R0U5M3F8D0,Audi,90,Blue,12,internet solution,46,80,2018-03-20,Emard and Sons
0V7X8G6A5B2W1J5W7,Mazda,Protege,Green,10,analyzer,22,81,2018-01-09,"Weimann, Bernier and Funk"
8E9J6N4B3K6M7U1N2,Volkswagen,Beetle,Violet,7,fresh-thinking,20,82,2017-11-12,"Anderson, Kunze and Ankunding"
0Y0N4V2S6J9W5P5K6,BMW,Z4 M,Red,3,Implemented,18,83,2017-06-25,Christiansen-Bogisich
4N3N2W6F3Y4K8B7V5,Mitsubishi,Lancer,Red,10,Graphic Interface,38,84,2017-06-29,Larson Group
5O3L9W8K0W1A3O3I5,Buick,Coachbuilder,Mauv,8,Re-engineered,44,85,2018-03-23,Lindgren-Kuphal
4S4G6H0Z5D2S5X0E6,Hummer,H2,Yellow,11,support,14,86,2017-12-01,Toy-Kunde
0U6P7S9J5X8U1O0M1,Acura,MDX,Green,7,Networked,12,87,2017-05-02,Kris-Kautzer
6Z0Y4I9X9V1G6U3O8,Saab,9-5,Maroon,8,hardware,41,88,2017-12-08,"Grant, Schneider and Abshire"
9Z0Y4V5M4A3L0Y2Z8,Jeep,Compass,Yellow,2,high-level,15,89,2017-04-09,"Mayert, Kshlerin and Schaefer"
3Y1I2E8G7M0I9P3E5,Acura,TSX,Goldenrod,8,monitoring,46,90,2017-09-27,Greenholt-Bayer
1O5E7R7J9Z9O6B4O8,Ford,Aerostar,Khaki,9,help-desk,38,91,2018-02-19,Jaskolski Group
2I7J6Y0B3Q8Z1L4N0,Chevrolet,Tahoe,Purple,2,concept,17,92,2018-03-22,"Brown, Marquardt and Toy"
4U5G7N9R8Z3B6F2G4,Volkswagen,GTI,Purple,10,Total,34,93,2017-12-01,Mills and Sons
3J1H8H1Y7Y7D8X8E4,Ford,Mustang,Green,11,hierarchy,45,94,2017-09-23,Pacocha-Stark
3P1S4G3X7P9K5O1C7,Mercedes-Benz,E-Class,Goldenrod,4,process improvement,32,95,2017-04-21,Mertz-Mohr
0K2C2J8C6R8X4F9J5,Mercedes-Benz,C-Class,Green,2,parallelism,38,96,2017-05-21,Feeney and Sons
1B5S6K9E8P5A6S7E0,Acura,Legend,Yellow,7,real-time,38,97,2017-10-24,"Labadie, Cormier and Kuhic"
7P2P5G3Y0W7E5Q5U9,Volkswagen,Jetta,Fuscia,15,modular,10,98,2017-04-01,Kunze Inc
1W1S4V9U4K8N8C7H7,Porsche,928,Yellow,9,frame,24,99,2018-03-23,Kshlerin LLC
9Y7H5Q3Y7I8H9J8U1,Saab,9000,Teal,6,Advanced,10,100,2017-04-29,Smitham-Shanahan
9U4Q1L1W4A9G8F6P8,Pontiac,Grand Am,Violet,1,motivating,20,101,2017-08-05,Schoen and Sons
7P6M6Z5M2J5Z3Y0P9,Audi,Cabriolet,Yellow,8,open system,30,102,2017-11-08,Rosenbaum and Sons
9G6R1F3R5Q0A5B2D6,Honda,Pilot,Teal,4,Persistent,36,103,2017-07-17,"Friesen, Rogahn and Smitham"
1S0Y7D0E2J7P8F6U6,Lexus,RX Hybrid,Aquamarine,11,artificial intelligence,43,104,2017-05-30,"Runte, Gorczany and Roberts"
5J5X0Z8Y2H1J3Z7H2,Mercury,Lynx,Orange,7,User-centric,24,105,2017-04-14,Daugherty-Gutmann
0L1Y3I0C7W5D4C4R4,Chrysler,Pacifica,Mauv,3,open system,34,106,2018-02-18,"Hermiston, Lind and Hammes"
9T8D5N0N4J0Z6G4H4,Audi,100,Turquoise,2,even-keeled,42,107,2017-08-26,"Jakubowski, Bogisich and O'Keefe"
4D6G7U8F0T7V1K7M5,Jaguar,X-Type,Teal,6,task-force,47,108,2017-04-10,Kuvalis Inc
8V0C6Q2K6H6E6X8J2,Mercury,Cougar,Puce,12,Persevering,49,109,2017-07-10,Considine LLC
1T4N1M2N0B2U9C5V6,Honda,Accord,Teal,4,encompassing,23,110,2017-05-04,Beer-Dietrich
3T8E2W4N4T6C5Q7G5,BMW,X6,Yellow,14,regional,37,111,2017-04-20,Bogisich Inc
0A7J4M2E4V4Z0S7Q7,Mercedes-Benz,CLK-Class,Indigo,7,data-warehouse,45,112,2017-05-22,"Satterfield, Orn and Ward"
4V6Y7L7J6V2Y9U2U2,Mazda,323,Orange,3,reciprocal,49,113,2017-08-16,D'Amore Inc
7N6F6A7A8B5A4H2C8,Saturn,L-Series,Indigo,9,infrastructure,20,114,2017-08-09,Walker Inc
3L7L3Z6I6N9W5D4E9,Mazda,MPV,Teal,2,Stand-alone,13,115,2017-07-07,Schmitt-Howe
9L7Z3J7E7D9J0C4I0,Ford,F150,Pink,2,open system,48,116,2018-01-22,Johnson-Collier
8X1O8Z3C9G1L4L6A5,Ford,Explorer,Orange,2,Extended,12,117,2017-09-17,Cassin Inc
7M9P2X6O6S5V9Q4V4,Oldsmobile,Cutlass,Pink,16,Multi-channelled,30,118,2017-05-16,Pagac-Bayer
6B1P1D6T5P7A9L7A6,Infiniti,QX,Purple,1,user-facing,29,119,2017-04-25,"Wolf, Jaskolski and Farrell"
8M0A3W7I5D1R2H2I3,Kia,Spectra,Purple,6,array,22,120,2017-09-01,Corwin Inc
8Z6C2Q3A8X8H2O8U0,Nissan,200SX,Pink,4,Digitized,35,121,2017-04-01,"Mohr, Nader and Cole"
4T7W9V2Z6V8E3U4I6,Dodge,Intrepid,Red,7,paradigm,37,122,2017-06-14,Pfannerstill-Hirthe
0T8B2K8Y0A4T9F6X1,Toyota,Land Cruiser,Fuscia,3,context-sensitive,26,123,2017-10-03,Gusikowski-VonRueden
7R1M4I8R2Q9N3E9F2,Infiniti,J,Goldenrod,11,3rd generation,43,124,2017-10-14,"Jacobson, Krajcik and Legros"
2I4E6B3W5S7M3W6H4,Dodge,Dakota Club,Crimson,8,Distributed,13,125,2017-11-28,Von-Lowe
5J2Q2Q2L8S9O6F6W1,Mercury,Tracer,Maroon,3,Visionary,23,126,2017-11-22,Hansen-Swaniawski
4M5F1U6W0N4U1K8G1,Suzuki,Grand Vitara,Orange,14,User-centric,21,127,2017-05-28,Brakus-Corkery
7Y6E9V1I7X9X3K9X9,BMW,5 Series,Turquoise,12,strategy,39,128,2018-01-21,Farrell Group
0O7X3A6N6U4J6X2N3,Chevrolet,Avalanche 1500,Indigo,12,Face to face,31,129,2017-06-08,"Lynch, Keebler and Ryan"
6X0X5B7Z5G7N6O6E7,Lexus,GX,Indigo,11,capability,40,130,2017-06-23,Green-Bahringer
1E7C8W7N2S1N0O0P9,Toyota,T100,Pink,9,implementation,15,131,2017-07-02,Pfannerstill and Sons
2G0C6K3G3K6J4W2D4,BMW,M5,Goldenrod,1,Function-based,39,132,2017-09-19,Durgan Inc
3S4Y0J9K8X2E8E0Z0,Pontiac,LeMans,Red,13,Fundamental,23,133,2017-09-25,Eichmann LLC
5V2B0T6G2F0P1G8X1,Mercedes-Benz,E-Class,Teal,5,parallelism,12,134,2017-04-03,Shanahan-Nitzsche
7O4J8Z1C2G0P3W6V1,Dodge,Dakota,Blue,7,task-force,33,135,2017-12-27,Cummerata-Ernser
3S7V5Z5N7A6Z1N5Q2,Aston Martin,DB9,Fuscia,3,groupware,41,136,2017-06-11,"Nitzsche, Greenfelder and Hane"
1S6Y0F8X9N7C0E3K6,GMC,3500,Puce,11,Proactive,26,137,2017-07-01,Ledner-Bernhard
2X9H3B9E1R9Y1G8M7,BMW,M6,Maroon,16,disintermediate,38,138,2017-12-03,"Wuckert, Romaguera and Gulgowski"
7B0L6K7Z4U0D1W1H6,Jaguar,X-Type,Goldenrod,4,matrices,40,139,2017-09-01,Witting Inc
2A8Z1R5Q5D0H4Y8S7,GMC,Yukon,Teal,9,Grass-roots,12,140,2017-03-27,Williamson LLC
6R9O8B8J9S0H7K6P7,Land Rover,Range Rover,Yellow,3,Grass-roots,28,141,2017-07-31,Beier-Bashirian
9X5I0K3M9I1R3Q8N8,Honda,Accord,Puce,14,Persevering,48,142,2017-06-27,Beer Inc
7V3Q2S1J7B3J4B6A5,Land Rover,Freelander,Turquoise,15,intangible,14,143,2018-01-31,Rath Group
2H7L3F8K3W7T3T3A4,Mercedes-Benz,CLS-Class,Blue,5,Innovative,48,144,2017-10-09,"Barrows, Abshire and Cartwright"
1E5Y0I5G3V1A3D2H5,GMC,Safari,Violet,1,Multi-tiered,20,145,2017-10-14,"Anderson, Mosciski and Russel"
7Z7B2J8V2T1G9T1Z8,Infiniti,G,Goldenrod,6,interactive,35,146,2018-02-20,Grant-Walsh
8I6P7A2K9X4D4K6E8,Toyota,Tacoma,Indigo,8,methodical,23,147,2018-03-12,Bins-Gutmann
2I2A4Y8U4C6O9W2O6,GMC,Yukon XL 2500,Teal,5,24/7,44,148,2017-06-30,Grant LLC
9N1Y4H7K2V1F5W8L6,Alfa Romeo,Spider,Pink,2,Fully-configurable,37,149,2018-03-11,"Gusikowski, Fay and Kautzer"
8Y0K7N9W1C5A4B5F0,Lincoln,Town Car,Green,2,Expanded,20,150,2017-12-01,"Denesik, O'Keefe and Medhurst"
0Y8F8M5L0V7M9G5I9,Toyota,Corolla,Puce,9,explicit,24,151,2017-04-14,"Beer, Bruen and Bogisich"
3Z6I4N4U5B7X8R7S4,GMC,Sierra,Indigo,16,forecast,22,152,2018-03-21,Hyatt-Moen
8Q8P7D8A7X5M1K8J6,Lincoln,LS,Orange,3,asynchronous,37,153,2017-05-16,"Bins, Bode and Friesen"
9A1W6E9X0I4P2B2G4,Spyker,C8,Pink,15,uniform,13,154,2017-06-15,Gerhold-Nader
8L3I7P8U4G3Q5S2R8,Pontiac,Firefly,Turquoise,1,web-enabled,38,155,2017-07-25,Lowe-Gorczany
3E7P3H2G8N8F4A5T6,Audi,A4,Purple,9,Secured,30,156,2017-10-19,Stoltenberg Inc
3V4X8E9I4W9E3U7Q2,Mercedes-Benz,CLK-Class,Red,5,Persistent,21,157,2018-02-15,Zemlak-Predovic
5J8C2I2A2D1U0N5S2,Ford,F-Series,Khaki,4,Expanded,43,158,2018-03-17,Harvey and Sons
7Q1C7Y1O0O7A6W8I7,Nissan,Datsun/Nissan Z-car,Red,10,structure,22,159,2017-06-03,Brakus-Dickinson
6E6E2D0M1Z1D0Y3N3,Mitsubishi,Endeavor,Red,10,approach,25,160,2017-07-16,"Stark, Luettgen and Rosenbaum"
0A2I8F2E7B5N6N6I2,Chevrolet,Express 1500,Green,9,Seamless,10,161,2018-03-06,Howell-Mohr
5P4Y9M9R9X3A7R4L6,Cadillac,Seville,Orange,9,5th generation,16,162,2017-04-06,Erdman-Beier
2U1P4U9B2X6W2N2A7,Isuzu,Rodeo,Maroon,4,didactic,36,163,2017-11-03,"Braun, Olson and Miller"
9F0R6J2Z8E4T1X3G4,Suzuki,Grand Vitara,Violet,3,object-oriented,12,164,2018-01-02,Will-Crona
9C0T3N8D1L7R9D4T6,Chevrolet,Express 3500,Puce,14,analyzer,22,165,2018-02-08,O'Reilly LLC
0O4T5M0S8M5V6V9B0,Isuzu,Trooper,Mauv,12,Horizontal,41,166,2017-04-13,"Abernathy, Koss and Heaney"
7H6S8I2T3B0R1D6Z3,Volkswagen,Eos,Pink,15,Public-key,14,167,2017-03-29,Fritsch Inc
2G3J6L9G6I6D9H6U8,Ford,Ranger,Teal,10,coherent,26,168,2017-09-27,"Terry, Mann and Klocko"
1E6F7M1H8V5M5M4E9,Mitsubishi,Pajero,Aquamarine,15,User-centric,49,169,2018-01-10,"Carter, Rogahn and Hauck"
3O4C7Y8F2V3Q1Q2Z5,Lotus,Exige,Mauv,7,modular,46,170,2018-01-11,Herzog LLC
9Y6J7T4Q1Q2Y8G7Q8,Mitsubishi,Space,Crimson,5,Cloned,32,171,2017-05-31,Adams-Jenkins
4J9F6T5S4V6I6E0Z8,Volvo,C70,Orange,7,ability,45,172,2017-12-24,"Yundt, Corkery and Mohr"
8D5B1S8S0M3K7C8N0,Plymouth,Colt,Turquoise,9,firmware,20,173,2018-01-26,"Beahan, Leannon and Greenfelder"
8T8N7A2F2C7I0O2B0,Hyundai,Sonata,Maroon,1,middleware,43,174,2018-01-15,Vandervort Inc
1C7S4Q0L7L2M4W3O2,Dodge,Ram 1500 Club,Fuscia,15,Implemented,46,175,2017-11-28,"Price, Auer and Cummings"
1A8D9K9O9Z7V7E6E1,Dodge,Daytona,Red,3,Up-sized,36,176,2018-01-14,Gibson-Muller
1B0Q1L4B6X5Z1E0A6,Lincoln,MKZ,Blue,14,actuating,10,177,2017-12-08,"Herman, Sipes and Brekke"
0O2J2F6S7L8P3X5H1,Pontiac,Grand Am,Puce,5,Distributed,14,178,2018-03-09,Grant Group
8A9O6M7T9E7W5Y9M9,GMC,3500,Maroon,5,transitional,39,179,2018-01-07,Bogisich and Sons
4Z4I4X1N7R4D8V4W3,Dodge,Caravan,Turquoise,4,attitude,50,180,2017-08-11,Bergnaum-Dibbert
5Q3H4E7K4W4I5L1V0,Toyota,Highlander,Aquamarine,12,pricing structure,25,181,2017-08-31,Bernhard-Murphy
0L2T2U0I9C4P7B0J9,Mazda,RX-7,Goldenrod,15,task-force,35,182,2017-07-02,"Will, Batz and Mosciski"
1N6U3J7H0T0L3R0Y2,Mercedes-Benz,E-Class,Aquamarine,4,instruction set,42,183,2017-11-29,Bernier-Hahn
3L2Q2V8L4W3E3R6B3,Porsche,911,Orange,3,internet solution,11,184,2018-03-18,"Fisher, Turcotte and Wisoky"
2A1W4C0L9W2Q3O2L4,Buick,Park Avenue,Orange,13,migration,39,185,2017-07-12,Gusikowski Group
2I3G0B2Z1I0J8P9Y4,Nissan,NX,Turquoise,12,Upgradable,13,186,2017-07-07,Botsford Inc
6B9Y0S9P2F5N7I5J6,BMW,3 Series,Khaki,16,core,39,187,2017-12-08,"Towne, Herman and Wilderman"
9V3U0V7S7G9A8Y9S1,Ford,F150,Aquamarine,5,human-resource,26,188,2017-05-27,Haag-Glover
8S2W1Y2E4F6N4O1U4,Mercedes-Benz,S-Class,Teal,14,Seamless,17,189,2017-03-24,"McKenzie, Pouros and Schoen"
6O6A1Q0W6M1S7Q3J3,Chrysler,Concorde,Green,5,Secured,32,190,2017-06-03,"McCullough, Reichert and Berge"
8V5J1S5M8M0O1I0U4,Nissan,GT-R,Pink,9,access,33,191,2018-01-14,"Weissnat, Rolfson and Bogan"
2Z1I8X3O6C3B8N5P4,Toyota,Corolla,Yellow,6,Re-engineered,16,192,2017-10-01,Flatley-Terry
6L0E6L2M8A6C3H4O7,Chevrolet,Suburban 1500,Fuscia,3,Exclusive,32,193,2017-10-10,Armstrong-Hegmann
8P3I7N6W6G4X8M9Z4,Chevrolet,Express 2500,Blue,1,time-frame,34,194,2017-10-02,Mertz Group
9T5K7E9R6P1W7T3D2,Chevrolet,Avalanche 2500,Turquoise,16,Innovative,32,195,2017-08-17,Glover Inc
7I2E0A9C9A5C0F1J0,BMW,Z8,Fuscia,13,project,37,196,2017-07-08,McCullough and Sons
5A7L5H1N0K1D4I0O5,Chrysler,Sebring,Turquoise,8,multi-tasking,39,197,2017-11-06,Mills Inc
8D7L8P2X2P7R0A9L4,Dodge,Caliber,Crimson,9,Progressive,27,198,2017-05-11,"Hahn, Adams and Kuhic"
6P2J3B0K3L6T2G9A9,Pontiac,Montana,Puce,10,transitional,34,199,2017-10-02,Koss and Sons
3L0V9X7P6V0R5X7H6,Hyundai,Accent,Indigo,13,contextually-based,23,200,2017-06-01,"Medhurst, Upton and Thiel"
0Z8U5Y6Z3W4S0E5B0,Chevrolet,Suburban 2500,Violet,12,attitude,16,201,2017-07-30,Quigley and Sons
1P5O7V0Z7A5F1L3N4,Dodge,Grand Caravan,Fuscia,3,methodical,26,202,2017-11-28,Hamill Inc
3O3W9X5Z8K2F5D8S8,Land Rover,Defender 110,Puce,9,challenge,22,203,2017-08-31,Ritchie-Grady
6I8P1U6G4Q9I0M3P0,Mitsubishi,Endeavor,Indigo,6,Open-source,43,204,2017-05-18,DuBuque and Sons
4N9O4Y7X2W1F0U4T7,Ford,Galaxie,Goldenrod,6,groupware,45,205,2017-05-28,Gorczany-Boehm
7V2A3C8F1B8O5T9N4,Mazda,Protege,Turquoise,7,background,17,206,2017-06-19,Beatty-Ziemann
7G8P4G1N4M6O1P9R9,Mercury,Villager,Puce,4,conglomeration,46,207,2017-09-27,Gerhold-Batz
9Z5Y6U1S1M7L6P9M7,Chevrolet,Monte Carlo,Puce,8,regional,46,208,2017-12-15,Ondricka LLC
0H7C0D1T0Z4V6W1J5,Lincoln,MKX,Pink,11,Innovative,37,209,2017-04-28,"Marquardt, Littel and Collier"
4C1G3B3M5E7F6N0Z9,Porsche,924,Violet,12,homogeneous,41,210,2017-12-04,Hauck and Sons
1P8Q3J7N4B8K3O4L4,BMW,M3,Purple,14,explicit,23,211,2018-03-07,Quigley-Beier
4I7K2X7X2F0K0K9V3,Oldsmobile,Silhouette,Orange,4,Profit-focused,44,212,2018-01-31,Witting Inc
7D9R9D4Q2P7H1B6R1,Infiniti,FX,Fuscia,2,Programmable,36,213,2017-11-05,"Wyman, Padberg and Dicki"
4Z2C0Z5E5K8L3W8O2,BMW,3 Series,Goldenrod,11,6th generation,40,214,2017-03-24,Lubowitz and Sons
6Z8M8U6F4P2H1D7X7,Lamborghini,Murciélago,Yellow,4,transitional,47,215,2017-08-09,Shields-Kohler
9U6W7V8C2G7M1O5A7,Aptera,Typ-1,Turquoise,8,analyzing,19,216,2017-04-10,"Gleason, Okuneva and Cartwright"
5S7G5L0O5V6F0T4D7,Chevrolet,Silverado 1500,Pink,5,Ameliorated,22,217,2017-04-09,Ondricka LLC
6F3E8O9M7X5H3W6R1,Land Rover,Range Rover,Pink,15,Proactive,28,218,2017-10-11,Heaney-Bartoletti
8R4G8G1C2C7C2M6N0,Mazda,Protege,Khaki,7,Horizontal,22,219,2017-07-17,Hagenes-West
2I0E4N2B5I1X7R3U6,Mercedes-Benz,E-Class,Indigo,2,Diverse,26,220,2017-08-27,Jenkins Group
2L9G1H1L4H7X6H6I8,Mercedes-Benz,M-Class,Aquamarine,2,hybrid,24,221,2018-01-07,Champlin-Rohan
2F1Z7B1M7P2D1P6J0,Mazda,MX-5,Blue,10,Mandatory,50,222,2017-03-30,Kessler Group
2J1T2E4F1A9Q4V6M7,Mitsubishi,Mirage,Fuscia,5,Integrated,13,223,2018-03-02,"Balistreri, Dickinson and Veum"
0V5Z3D6X4D8G3C8K4,Mercedes-Benz,CL65 AMG,Khaki,12,hub,39,224,2017-04-01,"Mann, Ziemann and Kertzmann"
0W6Z6Z9I8N9M6I6D6,BMW,325,Violet,1,protocol,12,225,2017-06-15,Hoeger Inc
6N4F6N9L0F7K2M1I3,Saab,9-2X,Indigo,13,encryption,39,226,2017-07-05,"Parisian, Bins and Dach"
6C2I1S4W3F3A4U5N9,Audi,4000s,Aquamarine,6,encryption,14,227,2017-10-13,"Tromp, Langworth and Schiller"
2K9N3P8M9C6I1W5G7,Hyundai,Santa Fe,Pink,14,coherent,10,228,2017-06-13,Schmidt Group
7S6N9L2K7A1F1Y2U4,Mazda,626,Indigo,11,extranet,31,229,2017-08-02,"Kunze, Mertz and O'Kon"
5V6D0E1I1Z9E8D1X6,Honda,Accord,Violet,4,modular,35,230,2017-04-12,Buckridge LLC
9A4V3Z3U5M4F4E1U2,Acura,RL,Mauv,14,Open-architected,20,231,2017-11-04,Pfeffer LLC
7J4N4U3O6O9U1Q1G4,Pontiac,Gemini,Orange,10,needs-based,14,232,2017-06-28,Kunde-Reichel
0F8F7T6C0Y9Z4L1S8,Toyota,RAV4,Turquoise,1,24 hour,44,233,2017-12-19,"Grady, Swaniawski and Hermann"
2D4M7M0R4Z0T4H6W1,Pontiac,GTO,Pink,2,Universal,38,234,2017-05-15,Kub-Grant
1U9C6F4R3A5E4W5S5,Kia,Sorento,Turquoise,8,functionalities,19,235,2017-06-28,Ward-Klocko
9T3U5M4W1R5X5G0D4,Ford,Escort,Aquamarine,16,multi-tasking,16,236,2017-12-04,Johns Inc
0U6J7S0M3V0R9C4B4,Dodge,Viper,Khaki,9,background,28,237,2017-06-11,"Jenkins, Davis and Tremblay"
3L6B6F6E0E7H1T4P8,Volkswagen,Passat,Khaki,5,help-desk,21,238,2018-02-06,Runolfsdottir Inc
0E0J8T6D0J8X4K0S8,Hyundai,Elantra,Green,15,Integrated,13,239,2017-12-05,"Rogahn, Schroeder and Hettinger"
8H7H3F8O9R5G1W8E6,GMC,Yukon,Indigo,11,Centralized,14,240,2018-03-11,"Rolfson, Bartell and Pouros"
7I6E8Z0N6O7T4M3S8,Suzuki,Daewoo Magnus,Blue,16,optimizing,47,241,2017-04-19,"Runte, Cormier and Jenkins"
4W6X2H0R3N4P3B5B5,Volkswagen,GTI,Teal,7,multi-state,28,242,2017-03-26,Hirthe-Gerlach
3H4A2J0N3D8H4B3P4,Pontiac,Grand Prix,Blue,12,strategy,17,243,2017-05-29,Feeney-Gerhold
7E5K8N7Q9E5I8Y3O4,Chevrolet,Sportvan G30,Green,10,Optimized,41,244,2017-09-14,Berge-Keebler
1E3X6N2G4B8L1S8C2,Mazda,MX-5,Maroon,1,Phased,37,245,2017-06-04,Homenick Inc
7U0Q6O6X1V6S5G7R1,Toyota,MR2,Puce,7,logistical,13,246,2018-02-08,"MacGyver, Reichert and Windler"
7Q5J5P5R9G7S9B2O3,Kia,Sedona,Green,2,discrete,16,247,2017-12-23,"Cole, Friesen and Kerluke"
4D1J5V1W4F2W9S3Z6,Nissan,Frontier,Crimson,4,Self-enabling,30,248,2018-02-08,Rosenbaum and Sons
2K8Y0F4Z3P2W5M1H2,Kia,Optima,Turquoise,10,capacity,18,249,2017-04-01,Mueller-Braun
7U8G3D7F6K0Z1R8Z5,Cadillac,DTS,Indigo,8,encryption,33,250,2017-03-30,Johnson-Wiegand
9Q6Q4G0H7N0K2S0B9,Toyota,Avalon,Red,13,maximized,49,251,2018-02-21,Turcotte LLC
3W9K6Q1Z3L1M6N8G0,Chrysler,LeBaron,Maroon,1,utilisation,12,252,2017-07-18,"Weimann, Monahan and Wiegand"
0G9U1P5H7F4S6R6O2,Maserati,Biturbo,Fuscia,16,zero administration,29,253,2017-04-07,Leannon-Doyle
3M8X8T4Y5T2T8F7X3,Hyundai,Tucson,Purple,10,Monitored,17,254,2017-08-02,Bauch Group
5Y5L7P6O3P6X9E2R7,Pontiac,Grand Prix,Yellow,4,non-volatile,24,255,2018-03-09,"Klein, Hauck and Armstrong"
3C4G0Q2B7J2B6C9S0,Maserati,228,Teal,4,didactic,50,256,2017-11-04,Stroman Group
1H0Z7V6A9H8H0S7X5,Acura,TSX,Goldenrod,13,leverage,24,257,2017-11-11,Gulgowski Inc
2I8D4U9H2I5M7I9Y8,Pontiac,GTO,Red,5,service-desk,28,258,2017-10-06,"Denesik, Abernathy and Champlin"
5J6Q3K4J4K3I4V5Y9,Ford,Bronco II,Crimson,9,multi-tasking,34,259,2017-12-25,Flatley-Kuhic
6S4T7J0T8T5N6H1D4,Mercury,Capri,Goldenrod,14,installation,43,260,2017-08-21,Herzog-Sanford
8V0O2U9J4A9R7C0W1,Pontiac,Grand Prix,Turquoise,10,Profit-focused,45,261,2018-02-28,Gislason Inc
3T8Z7B3K1E1Q5Q2Y3,Pontiac,Grand Prix,Khaki,9,Customizable,30,262,2017-04-04,Daugherty LLC
7Y3O5B3D9C7Z2Q0X5,Pontiac,Sunbird,Green,15,zero tolerance,20,263,2017-10-05,Koss LLC
9L8H0Q6U8W2V8T8P2,Saturn,Relay,Green,9,tertiary,10,264,2017-03-26,Hilll-Feeney
4G5E4D2A7P9L1E4W7,Mercedes-Benz,W123,Yellow,1,Persistent,43,265,2017-06-29,O'Kon LLC
3U7Q7V2Y1F4T4T7H6,Audi,A4,Mauv,3,secured line,28,266,2017-10-20,"Zieme, Erdman and Huels"
4G0G1C4H8H9C4L4X0,Mercedes-Benz,500E,Turquoise,12,orchestration,36,267,2017-08-03,Aufderhar and Sons
2W5W5Z3J7J4H7L6F8,Mercedes-Benz,300CE,Pink,15,utilisation,11,268,2017-04-02,McDermott Inc
9E1T5F8N5B6B3Y7S5,Audi,90,Aquamarine,2,Stand-alone,26,269,2017-03-28,"Borer, Donnelly and Bednar"
0I4B1T9N0B9A7X4R5,Ford,E250,Blue,15,productivity,48,270,2017-05-20,Sipes-Leffler
0Y6V2A9I1W6R7K4E2,Mazda,Mazda6,Teal,3,incremental,14,271,2017-04-04,Murazik-Crooks
6J8S0P4X5Y6M1H9O5,Volkswagen,Golf,Red,11,utilisation,24,272,2018-03-16,Jacobson Group
0K2T1D6O3T0X4N2U1,Chevrolet,Cavalier,Green,16,hub,29,273,2017-10-15,"Daugherty, Champlin and Wuckert"
8P2X7T3Q2N0E7L4B5,Suzuki,Forenza,Indigo,10,alliance,20,274,2018-03-08,Sawayn Group
1F4L3L4Q5D5J6J9N1,Dodge,Caravan,Blue,1,homogeneous,47,275,2018-02-10,"Parisian, Hartmann and Lind"
6U4G3B8P5P9H3V2E1,Toyota,Avalon,Crimson,9,Synchronised,50,276,2017-08-09,"Moore, Okuneva and Herman"
5O4J4A4K1E0E1T6F8,Cadillac,Seville,Blue,5,optimizing,17,277,2017-10-18,Cormier-Lehner
1A3F0R9A8P6M4F9N0,Ford,Flex,Purple,2,user-facing,17,278,2017-08-15,"Witting, Barrows and McKenzie"
9U0Q0G4I7Z6V5O6M3,Saturn,Ion,Aquamarine,15,Total,47,279,2017-04-26,Bashirian-Wilderman
5M1M5B4W1E1D6E1J1,Mitsubishi,Chariot,Yellow,6,help-desk,11,280,2017-10-21,"O'Kon, Ritchie and Collier"
0E3L1L9W8G8V9J1S4,Honda,Element,Fuscia,9,24 hour,17,281,2018-01-22,"Harvey, Gislason and Parisian"
9D2G6A3M9Z9O0V5T1,Chevrolet,Equinox,Goldenrod,1,middleware,14,282,2017-11-08,"Carter, Littel and Turner"
4O6N9U9C6V2I5I9F3,Volkswagen,Jetta,Indigo,1,Balanced,19,283,2018-01-02,Zboncak-O'Keefe
5T4P8Z3Z7V1J7D1U5,Mazda,Miata MX-5,Red,11,artificial intelligence,28,284,2018-03-18,Kessler-Heathcote
5V6M5E2A1I1B6P7Z0,Lexus,GX,Indigo,1,budgetary management,39,285,2017-06-22,"Gerlach, Thompson and Koch"
3V0X0J2Y8K7N5I2J9,Chevrolet,Malibu,Teal,2,hierarchy,41,286,2017-09-09,Kiehn-Padberg
7E7N7O9F2P1I9F3N1,Lexus,SC,Puce,12,3rd generation,12,287,2017-12-11,Muller Group
8N1L8L7E8Y9C1P3Q3,Mercury,Capri,Maroon,15,value-added,10,288,2017-05-13,Aufderhar LLC
7T2D1D3G1B3L3Z0O4,Ford,Taurus,Blue,7,object-oriented,17,289,2017-12-30,Jaskolski Group
4R1T3Q7L8K6L1E9Y5,BMW,M3,Teal,15,Right-sized,13,290,2017-09-13,Cruickshank LLC
0Y0O8L3G5H5N2V1M6,Dodge,Avenger,Fuscia,8,global,32,291,2017-05-30,"Welch, Marks and Muller"
0H6P7L0U6J6A1S3V6,Hyundai,Tucson,Red,11,analyzer,41,292,2017-12-29,Runolfsdottir LLC
7N4P2P1K1L1S2R1M8,Isuzu,Stylus,Green,7,demand-driven,24,293,2017-10-24,Bechtelar-McDermott
1M2N2S0U4Z0B5I7S8,Nissan,Frontier,Purple,7,Quality-focused,46,294,2018-01-26,Boyle Inc
4M2T6K4Z4R8G5K1O1,Lamborghini,Gallardo,Indigo,8,Persistent,48,295,2018-03-06,"Romaguera, Harvey and Gorczany"
2K3P5H2F3T9F9O7A0,Chevrolet,Silverado 1500,Fuscia,7,neural-net,37,296,2017-03-26,O'Connell LLC
2H9V7D7A2S3Z5T8T3,Hyundai,Accent,Mauv,11,Customizable,43,297,2018-01-23,Labadie-Flatley
2O4Z5T6T1H9D1R6O9,Ford,E-Series,Yellow,15,Re-engineered,46,298,2017-11-12,Moore and Sons
5C0I7I0V2D6E7Z0O8,Dodge,Dakota Club,Fuscia,7,Operative,39,299,2017-11-05,Oberbrunner Inc
7S2T8H2T4F6O5A1E0,Cadillac,STS,Mauv,5,demand-driven,32,300,2017-06-02,"Gaylord, Cronin and Ebert"
1E9H3F6B8B5K7D2Y3,Chrysler,Concorde,Crimson,4,definition,27,301,2017-07-19,"Dickinson, Jacobs and Dare"
1W2S0F7L0U6J8L0O2,Jeep,Cherokee,Teal,3,stable,16,302,2017-04-03,Wolf LLC
2W2U9W7C6U1R4G3P9,Pontiac,Firebird,Yellow,9,maximized,27,303,2017-09-04,Ankunding-Nader
0Y3I7L6M9Q2D6J4C3,Dodge,Ram 2500 Club,Aquamarine,6,Pre-emptive,17,304,2018-02-20,Lehner-Frami
6S1M5P1N4A5E0Y3A1,GMC,Yukon XL 2500,Crimson,2,Adaptive,40,305,2017-09-05,Dietrich-Ortiz
4C9Q9L2H8B8H9G3T1,Land Rover,LR2,Orange,15,model,27,306,2017-04-16,Nikolaus Inc
9N6G6Y9Z0B7I5K6G8,Lotus,Esprit,Green,6,Object-based,18,307,2017-07-06,Shanahan-Dietrich
4Y6O6H0U7E3P0H9Z7,Mercury,Marquis,Red,10,installation,22,308,2017-07-09,Emard LLC
6J4O7Y7I2K5K4I8B1,GMC,Yukon,Indigo,7,maximized,26,309,2018-01-10,Schowalter LLC
6N6J9R8D1H4A7O3R7,GMC,Safari,Pink,11,encoding,40,310,2017-04-20,Haley-Bergnaum
2B4B3G9V1Q1F5V2A6,Ford,Expedition,Pink,13,adapter,14,311,2017-08-31,Bosco and Sons
7O8G5B7T5C2N6I9H8,Porsche,911,Green,4,didactic,39,312,2017-06-15,Renner Inc
7M1D4J4U7G7J6T3U3,Dodge,Ram 1500 Club,Yellow,4,Open-source,48,313,2017-04-01,"Smitham, Kozey and McCullough"
6K1Z3Z7U9X9C7E7K5,Ferrari,F430,Crimson,12,intangible,49,314,2017-10-12,Ebert-Kiehn
7E8Q8S7C7Z2U9V8F8,Dodge,Intrepid,Purple,11,Graphical User Interface,13,315,2017-09-26,Franecki-Koss
8V4Y9K7X9E0K0Z6L5,Mitsubishi,Lancer Evolution,Crimson,3,Implemented,46,316,2017-11-09,Bogisich Inc
6K8W1V8B8T4E3B6W8,Audi,A6,Pink,3,paradigm,14,317,2017-09-18,O'Kon LLC
3H8S1V3E0B7Y8V4L5,Pontiac,Grand Prix,Green,11,interface,32,318,2018-02-18,Mitchell-Rohan
4Y2I3H7S9Z4H1T4J5,Ford,Club Wagon,Goldenrod,3,optimal,49,319,2017-04-17,Kohler-Connelly
1Y2L4K4F3X5P5S2Q1,Chevrolet,3500,Red,10,Triple-buffered,32,320,2017-05-01,Mohr-Cassin
3I0T5K5E2W3C7Q1Q5,Chevrolet,3500,Puce,15,coherent,45,321,2017-06-13,Toy LLC
4U0N8T4O2Z9Q1J8K0,BMW,8 Series,Goldenrod,12,demand-driven,28,322,2018-03-01,Hudson-Lueilwitz
1F4M9W7R9D5B8X7M2,Porsche,Boxster,Crimson,12,demand-driven,27,323,2017-06-03,Reynolds-Willms
9S2M2O4R6W0L7L5A2,Saab,9-3,Yellow,3,Multi-tiered,13,324,2018-01-30,"Greenholt, Bradtke and Haley"
1V5W7U6A9B9Y4T1X4,Chevrolet,Silverado 2500,Yellow,10,reciprocal,32,325,2017-06-30,"Jenkins, Hagenes and Beatty"
1J7K3O3H2D3S8T3H0,Lexus,SC,Fuscia,3,human-resource,44,326,2017-06-23,O'Reilly Group
4Y1S9X6Q4Q7M7F5F9,Toyota,Tacoma,Purple,3,Total,16,327,2017-05-29,"McGlynn, Konopelski and Legros"
7D7M5B9U1Q2V4G7T4,Pontiac,Firebird,Pink,12,groupware,48,328,2017-07-24,Berge-Renner
1T2K2D6B1A7E2W2A5,Ford,Th!nk,Teal,12,upward-trending,47,329,2017-06-25,Kreiger-Mosciski
8U7T8N6O5P1D9M6L1,Oldsmobile,88,Maroon,11,firmware,48,330,2017-09-28,Weimann and Sons
8N1H7V6U9K3L4I3S0,Volkswagen,Cabriolet,Green,4,Up-sized,28,331,2017-10-11,Pacocha-Kunde
8M6A8L8O0L8C2X8E0,Lotus,Exige,Teal,5,info-mediaries,35,332,2017-09-23,Turner-Hartmann
9M6U7R4R3D0I8P8B3,Dodge,Caravan,Aquamarine,7,Reduced,42,333,2017-07-24,Ruecker LLC
5U9Z1D1B4M4Y2B8U3,Toyota,MR2,Pink,16,methodology,41,334,2018-01-19,"Sanford, Yundt and King"
5J5P8Q4G1B6T4D4B9,Mazda,CX-7,Indigo,6,Robust,24,335,2017-10-23,"Collier, Wilkinson and Wiza"
5O3A0F9L8D7Z9A1B2,Volkswagen,Golf,Teal,12,dynamic,29,336,2017-04-21,Schmitt Inc
9H9J0U9X6E7N0B8Q3,Volkswagen,Cabriolet,Fuscia,5,Integrated,22,337,2017-10-07,Lang-Stehr
1Q5X9H7Q9O3M6L1F4,Porsche,Boxster,Red,5,Organic,45,338,2017-05-10,"Wilkinson, Leannon and Lindgren"
7U3O6M9G7A3M7O3A3,Saturn,Relay,Pink,13,Cross-group,27,339,2017-10-18,"Feeney, Smitham and Goldner"
0F5K0D2U6X6S7D8V8,Jeep,Wrangler,Indigo,7,uniform,37,340,2018-01-14,Hagenes-Stark
2J8C5W5R4P8W5D1E9,Mazda,Mazda3,Turquoise,4,fault-tolerant,41,341,2018-03-23,Will Group
1T6E7S2W9E1K1G7S3,Suzuki,Grand Vitara,Goldenrod,8,focus group,23,342,2017-09-16,Sawayn Group
0W6M6C4Y2B2D6E5A6,Dodge,Ram 2500,Turquoise,13,bandwidth-monitored,18,343,2017-05-16,Armstrong and Sons
1R5P7T5T4W6Z6Z6I9,Mitsubishi,Diamante,Teal,16,Function-based,31,344,2018-01-31,Hegmann-Corkery
7A2O4A9V2D2Y2Y6Q9,Mitsubishi,Pajero,Yellow,3,contextually-based,40,345,2017-10-13,Senger Inc
6K6K7E0Y7F3S5G2I4,Volkswagen,Cabriolet,Fuscia,4,flexibility,38,346,2017-06-26,"Heathcote, Cole and Kemmer"
1Z1I4Y8D7N4C3J6B7,Ford,F150,Purple,2,Triple-buffered,49,347,2017-08-03,Wuckert Group
0O0C1C9E9L7Z9L8A2,Hyundai,Santa Fe,Yellow,13,grid-enabled,25,348,2018-01-11,Considine Group
6E3P1Q7J8M6N8H4Z6,Volkswagen,GTI,Mauv,14,dedicated,47,349,2017-08-09,"Brekke, Hammes and Rowe"
5Z6Q6L6V7F6U5M9F7,Ford,Laser,Violet,12,Profound,28,350,2017-06-10,Thompson-Schumm
4L8T8U2S7K6Q1B5W5,Dodge,Ram 2500,Turquoise,5,software,32,351,2017-08-02,"Prohaska, Von and Towne"
3D7Y0O4E6I2W3D3Y4,Ford,Mustang,Aquamarine,9,Cross-platform,44,352,2017-12-19,Lind-Rempel
4P4J9I4A0U6H0L6T0,Volvo,XC90,Teal,11,mission-critical,39,353,2017-04-15,Dietrich-Paucek
7U2Z3B0K3X3G6G6A8,Mercedes-Benz,CL-Class,Teal,12,neutral,30,354,2017-11-27,Smitham and Sons
8K2P7T1T1M1Y7R1T0,Mazda,B-Series Plus,Aquamarine,4,encryption,49,355,2017-07-22,"Becker, Wilderman and Blick"
9P5J3Q2E3D4S2C4M6,Lexus,GX,Yellow,8,parallelism,35,356,2018-02-11,"Berge, Turcotte and Mayer"
3R6N8N0Y9V7B5E5E6,Oldsmobile,LSS,Turquoise,10,disintermediate,24,357,2017-08-03,"Fisher, Torphy and Larkin"
5I0J2Z5Z1K4I7Q8I9,BMW,X5,Crimson,16,circuit,12,358,2017-07-05,Green-Funk
9O4X0H2X8C8B0G4U9,Buick,Rainier,Yellow,4,stable,26,359,2017-08-28,Ernser-Graham
7C8V6F2K4A8A3M8N7,Buick,Regal,Red,5,didactic,42,360,2017-04-20,"Bergstrom, Robel and O'Conner"
4X1L6T7B7Y0V9J0B4,Honda,S2000,Goldenrod,1,frame,37,361,2017-10-04,"Fritsch, Schulist and Gusikowski"
1F8G4B5P5S3T3A3F7,Jeep,Compass,Crimson,6,focus group,31,362,2017-09-02,"Goodwin, Keeling and Hahn"
4A0F6B8O8Q3M0H5R5,Mercedes-Benz,SLK-Class,Purple,7,Optional,18,363,2017-10-31,Feest Inc
3Y3H8T9K7S7B4U7G2,Hummer,H2 SUV,Maroon,16,Distributed,26,364,2017-09-06,Harris Inc
8R3Z9B8H0B7W5R8F6,Ford,Explorer Sport Trac,Aquamarine,1,moratorium,47,365,2017-11-11,Ritchie-Schowalter
7F3D3Y6U9B7Z5P1Q0,BMW,Alpina B7,Violet,5,array,49,366,2018-02-20,Lebsack Group
5A8L1C1B2Z6J8N5I7,Lexus,ES,Blue,6,analyzing,47,367,2017-03-30,Ferry-Hyatt
6T4H4Q2A1U8P9A3R2,Dodge,Caravan,Violet,10,Digitized,33,368,2018-02-27,Boehm-Koepp
8G3J7C6E6T8X7H2W4,Pontiac,Grand Am,Turquoise,5,Total,21,369,2017-05-01,"Satterfield, Bins and Haag"
1I6M6K3N5R8S4T6R4,Jaguar,XJ Series,Teal,1,artificial intelligence,15,370,2017-10-04,"Rath, Heidenreich and Metz"
5J4Y0T6R4E7Y9K7G7,Oldsmobile,Cutlass,Turquoise,14,Multi-layered,10,371,2017-04-16,Kshlerin Inc
9E0E7G2C5Y5Q8S1M4,Isuzu,Amigo,Khaki,14,fresh-thinking,43,372,2017-10-15,"Swift, Crona and Cruickshank"
3O8M5Q9M1T2F9Y1X2,Mercury,Mountaineer,Khaki,4,Switchable,26,373,2017-06-22,Funk-Satterfield
6R3I0C5X2H3V6B0P3,Pontiac,Sunfire,Teal,12,challenge,45,374,2018-03-18,Prohaska-Wuckert
4W5I8V4H1C7V1J9X4,GMC,Yukon,Turquoise,16,monitoring,30,375,2018-02-28,Moen-Carroll
5V5C3U8K2H7T2Y8J8,Dodge,Neon,Yellow,11,Secured,27,376,2018-02-04,Lindgren LLC
8K2S8Y0H2B1I2Z1D0,Lexus,ES,Maroon,10,User-friendly,42,377,2017-04-08,"Weissnat, Breitenberg and Bayer"
9P3N5X2O8B9G4J8Q0,Chevrolet,Suburban 2500,Indigo,13,Synergized,42,378,2017-10-12,Macejkovic and Sons
6O7E9T4N2I0A3H1U9,Chrysler,300,Mauv,13,Organized,46,379,2018-02-04,Steuber-Kozey
3M3O9T4I2P4V1L4I2,BMW,X5,Teal,13,Progressive,30,380,2017-05-20,Cruickshank-Walsh
1K6I9W2S9S9V8G7V0,Mercedes-Benz,C-Class,Indigo,14,migration,31,381,2017-06-07,Aufderhar-Medhurst
0K6A0S0V3V7F5H8D5,Dodge,Ram Van B150,Violet,7,Optional,39,382,2017-05-18,"Gerlach, Jaskolski and Auer"
5H4G9R0E3W3E1Q7K3,Land Rover,Range Rover Sport,Red,6,Quality-focused,35,383,2017-11-03,Zemlak Inc
0O8V3M1Y5I4S4F2L6,Chevrolet,TrailBlazer,Green,8,zero tolerance,27,384,2017-08-04,Gottlieb-Kerluke
5U8I1A5K3G4E4G8S4,Ford,F250,Purple,13,3rd generation,39,385,2017-07-05,Jerde Group
2C1U0G9J0X7N4K9F0,Chevrolet,Tahoe,Blue,12,throughput,18,386,2017-09-28,"Beahan, Bahringer and Rippin"
2G7O7F2V9Z7V2C5K1,Chevrolet,G-Series 3500,Red,8,Fundamental,21,387,2018-01-14,Koepp-Schmeler
7J4G4O3F7V8I5O3V8,Chevrolet,2500,Crimson,2,multi-tasking,33,388,2017-08-22,Balistreri-Mosciski
9Q8N4L6G1C0J6P1C6,Pontiac,Sunbird,Purple,2,throughput,49,389,2017-07-11,Schmidt-Jast
8R1S0Y4K0W4Y1S2T7,Pontiac,Bonneville,Goldenrod,5,flexibility,40,390,2017-12-31,Quigley-Watsica
3C4B4M8X1W2X4I6J3,GMC,2500,Red,5,24 hour,48,391,2017-04-27,"Bauch, Trantow and Renner"
8F0L5Q2R6D4R4G2Z5,Ford,E350,Purple,11,directional,43,392,2018-01-15,Ledner Group
4R0T9D7N1F1W9Z3A8,Chevrolet,Cavalier,Maroon,8,Expanded,45,393,2018-03-09,Corkery-Nicolas
7S2X1P5L2I3Y5I2J7,Toyota,RAV4,Mauv,1,migration,43,394,2017-11-15,Nicolas-Kuphal
2T3O6C4L6R2W6Z6M2,Pontiac,Bonneville,Crimson,7,scalable,46,395,2018-02-04,"Schinner, Kshlerin and Hilpert"
5O2Q9I6A3P2N8H6V9,Jeep,Grand Cherokee,Red,4,firmware,48,396,2018-03-18,Prohaska Inc
5Z0W8E4J8C5C5J4L0,Dodge,Ram Wagon B150,Puce,7,cohesive,31,397,2018-03-01,Reinger-Schroeder
6H6O0F9D6O3V8X9U8,BMW,M5,Indigo,15,zero defect,14,398,2017-05-04,"Kulas, Mann and Cassin"
0F1W1Y3I8T4X0B2P0,Mitsubishi,Truck,Blue,4,circuit,33,399,2017-11-28,Satterfield Group
3F4U1D9P5N9C4C1N2,Mazda,Protege,Green,10,dynamic,23,400,2017-12-12,Haley Group
8E9Y6W1K0U0H9K4K3,Jaguar,XJ,Fuscia,9,firmware,30,401,2017-10-20,Watsica LLC
8Y7U7B4S8Z9T5Q0W9,Mercedes-Benz,SLR McLaren,Mauv,4,Grass-roots,17,402,2017-09-18,"Mosciski, Hettinger and Bogisich"
3C2U4Z6X7H3G1R4M4,Honda,Civic,Indigo,2,Focused,38,403,2017-09-17,Jaskolski Group
8R0L9T4T6S5Q4S0G6,Toyota,Celica,Fuscia,4,time-frame,25,404,2017-07-11,"Hahn, Hintz and Towne"
0N2A0J3B6O5T1X3E0,Chevrolet,Cobalt,Puce,9,User-centric,36,405,2017-03-28,Kiehn Group
8H8O9X9B2W3O2X2H0,Kia,Sorento,Violet,10,zero defect,11,406,2018-01-07,"Boyer, Nader and Wintheiser"
7P5H7B2I0T0V4R4L2,Suzuki,Reno,Green,14,clear-thinking,31,407,2017-06-13,Hills Inc
1T7U8G0H1U1Y9E8V5,Saturn,VUE,Violet,7,zero tolerance,28,408,2017-07-26,Bailey-Ruecker
9Y8K2C6T8Q8B0K8W8,Mitsubishi,Eclipse,Red,2,coherent,45,409,2017-06-04,Paucek-Grimes
0E9V5D7G3L1N5H6V5,Mazda,Miata MX-5,Fuscia,10,Public-key,34,410,2017-04-22,Schmitt LLC
7P9T2E4K1N0Y6E1G9,Lamborghini,Gallardo,Orange,7,contextually-based,12,411,2017-07-02,Hodkiewicz LLC
1B5D6K1B4F6C1I6Q1,Mazda,Tribute,Yellow,13,database,36,412,2018-03-13,Durgan Group
9E3G2V2N3X0G3D9U4,Chevrolet,Camaro,Pink,9,logistical,24,413,2017-10-16,"Daniel, Collins and Harber"
2B8Y6Y6N8G7V9Q6E6,Aston Martin,V8 Vantage,Violet,13,ability,26,414,2018-03-04,"Strosin, Jerde and Anderson"
6K6O6T2L5W3C5O1N5,Chevrolet,Astro,Crimson,3,Reverse-engineered,50,415,2017-09-15,"Kessler, Koelpin and Hammes"
7H0H7A7P7W3L1U8N5,Dodge,Ram Van 3500,Purple,13,architecture,48,416,2017-05-12,"Reynolds, Weber and Schultz"
8S7W0G8G9S5U2K9Q4,Acura,Vigor,Goldenrod,12,Graphic Interface,10,417,2018-02-25,Weber-Cronin
7H1W2A3R0B9T5H8T7,Audi,4000s,Red,6,solution-oriented,39,418,2017-03-29,"Hudson, Bashirian and Daniel"
3I7D3T7W1M4R7F1A5,Pontiac,Firefly,Khaki,8,asymmetric,50,419,2017-05-03,"Lueilwitz, Mertz and Pfeffer"
2I7V7D6U1L8L5J5O0,Chevrolet,Express 1500,Goldenrod,15,executive,38,420,2017-11-16,Upton Inc
4T6C2N0L1G8I2E4M3,Mercury,Cougar,Puce,10,object-oriented,48,421,2017-08-10,"Effertz, Baumbach and Hettinger"
8L2D6W2B6Y8M3V2S2,Suzuki,SJ,Purple,4,database,11,422,2017-08-20,"Monahan, Hauck and Effertz"
7N9Z7G8B0S5I8A6N1,Buick,Century,Purple,13,fault-tolerant,45,423,2017-06-16,Rau LLC
9H7Y8F4R2U5J5J8T2,Toyota,4Runner,Orange,7,productivity,14,424,2017-08-05,Connelly Group
1A4G9C0E0U4N6E7M9,Saturn,VUE,Fuscia,3,open system,16,425,2017-06-24,O'Hara Group
6Y4X4L2J3J4M5O3M0,BMW,530,Red,1,content-based,17,426,2018-01-13,Hamill Inc
5R7F4R7G6N1T0H9A8,Dodge,Nitro,Puce,7,utilisation,48,427,2017-09-17,Spinka-Tromp
7L4L8E2P6T6D8Y8C3,Oldsmobile,Aurora,Maroon,5,tangible,27,428,2017-06-08,O'Keefe and Sons
4E5J3T4P9S1R3J4D0,Ford,Freestar,Indigo,7,superstructure,29,429,2017-06-02,"Barton, Flatley and Bins"
2R9O0R4K0D4S1F5L6,Land Rover,LR3,Yellow,7,Open-source,37,430,2017-09-16,Mann and Sons
8Y3V2O5Z7J7V9E6A8,Mercury,Tracer,Purple,6,internet solution,44,431,2017-12-07,Stroman Inc
4V5Z2M9T5G3K4Q9S0,Dodge,Dakota,Aquamarine,16,model,35,432,2017-10-02,"Green, Labadie and Hirthe"
9L6G4K5Y1O7V9Y7Z7,BMW,760,Indigo,13,help-desk,17,433,2017-07-24,Reilly-Hermann
2Y6K5O8W8A0N0M3Z7,Chevrolet,S10,Khaki,6,heuristic,38,434,2017-06-22,Anderson-Jacobson
1X1W2L9E0W7S8T5E4,Lexus,SC,Mauv,6,Phased,16,435,2017-05-25,Mueller and Sons
9A9Z9Z3C0X5S9W1O3,Ford,LTD Crown Victoria,Violet,5,Virtual,50,436,2017-07-16,Oberbrunner-Simonis
6C0M8R5G5A5N5D3T5,Toyota,Tacoma,Orange,16,circuit,44,437,2017-05-25,Zemlak-Schmeler
5Q3D8T6B3O6O7O1B8,Buick,Century,Mauv,8,mobile,46,438,2017-12-26,Fisher LLC
4R0K6Q2T5R3O0C0V3,Acura,TSX,Khaki,5,time-frame,16,439,2018-01-01,Cassin and Sons
7K9G1X4D0Q3Q6E2Y2,Mitsubishi,Montero Sport,Fuscia,12,background,48,440,2017-12-11,Grady LLC
7D8Q3Q0A4F4P6T9X3,BMW,M6,Teal,6,dedicated,44,441,2017-05-17,Kuvalis LLC
1L9L3Y0W0D8S5V5F3,Chevrolet,Monte Carlo,Red,5,De-engineered,49,442,2018-01-18,Hirthe-Ratke
8G9J3W8N5B4Q0U8R9,Acura,RL,Pink,10,help-desk,35,443,2017-04-07,Schmidt Group
8L1B6Z1Q9O0N5A9I0,Ferrari,599 GTB Fiorano,Yellow,4,Inverse,28,444,2017-07-06,Schroeder Inc
9Q1M2H9A9F0Z2X1X9,Lamborghini,Murciélago,Aquamarine,2,help-desk,33,445,2017-05-02,Rohan-Nienow
8U7P6U8T2V5I1F1B9,Hyundai,Genesis,Goldenrod,12,national,33,446,2018-03-11,Thiel Inc
7O2Y6R4U0M3J7B1P6,Lotus,Elise,Teal,6,heuristic,36,447,2018-03-12,Dietrich-Wisozk
8Y8D2K7X5E1B0R3V2,GMC,Savana,Fuscia,6,monitoring,15,448,2017-05-27,Rolfson LLC
5I0K5W6D6L3O6L7G3,Mercury,Topaz,Fuscia,10,software,46,449,2017-04-29,Collins-Armstrong
0C3A7W9V7R3S6O6S7,Ford,Aerostar,Crimson,6,Exclusive,29,450,2017-05-22,Rippin-Zemlak
9Z1W9S1O4N7J0Y0W6,Mitsubishi,Eclipse,Crimson,7,impactful,30,451,2017-08-07,"Wilkinson, Lang and Heidenreich"
4N3Q8D3L9B2D6L2K2,Lincoln,Town Car,Red,11,full-range,22,452,2017-08-24,Fisher Group
7X7V0E4D5S5H8X7W6,Saturn,VUE,Orange,7,impactful,28,453,2017-05-08,Dicki and Sons
6T2Z1I7N8U3T1D8Y7,Pontiac,Firefly,Mauv,3,Phased,14,454,2018-03-23,"Kub, Roberts and Crona"
7V3T2D2Q3M1U1T5S5,Suzuki,Equator,Orange,5,emulation,50,455,2018-01-30,"Monahan, Hyatt and Spencer"
9C4Q2V1U5P6S6Q0M0,Subaru,Impreza,Goldenrod,5,clear-thinking,43,456,2017-09-25,MacGyver-Bauch
8Q8P2W2K3F0I9S1D5,Maybach,57,Maroon,7,moratorium,25,457,2017-10-23,"Kub, Runte and Waelchi"
0N4P4U0W5J4Q9O6U2,Mercedes-Benz,CL-Class,Red,11,executive,20,458,2018-02-06,Durgan-Davis
4P8U6A5Z7K0G5F9M8,Cadillac,CTS,Yellow,8,Re-contextualized,32,459,2017-07-11,Schmeler Group
2D2A0Y0G9O3Y7F7P5,Mitsubishi,Challenger,Violet,3,object-oriented,27,460,2017-09-27,"Muller, Sipes and Lesch"
2E0V2E7J7A2E4G4K2,Ford,Econoline E150,Mauv,13,Reactive,36,461,2017-11-25,"Schneider, Jones and Ortiz"
4Q3Y1F4M7W1I8O3T2,Ford,Windstar,Turquoise,9,moratorium,39,462,2017-07-09,Wisozk Inc
4A7L0W6R2D8K6K0J6,Ford,E-Series,Puce,6,paradigm,36,463,2017-12-08,"Rolfson, Barrows and Schmidt"
5S4G9Q5J2J5T0C0R3,Hyundai,Tucson,Violet,3,parallelism,18,464,2018-03-22,"Runolfsdottir, Pfeffer and Buckridge"
2H8O9B7Z2E8U1H2Z7,Geo,Prizm,Puce,14,tertiary,26,465,2017-08-07,"Upton, Kihn and Schmeler"
9C6A0U2F9O7V9B9G7,Mazda,MPV,Turquoise,2,success,10,466,2017-12-06,"Upton, Schaefer and Lebsack"
4B1B4E3F7O6T5U0X9,Mitsubishi,Mirage,Indigo,11,Decentralized,35,467,2017-11-20,"Metz, Torp and Kuhn"
7J8I9U6D6N8S5X7J3,Kia,Rio,Violet,9,fault-tolerant,48,468,2017-04-29,Botsford-Schmeler
0E5J0B9U6L5P8N7S3,Chevrolet,Corvette,Orange,4,maximized,28,469,2017-04-21,Nolan-Hickle
8N1U8C7D3B0I8W2M0,Mitsubishi,Endeavor,Violet,8,Cross-platform,45,470,2017-12-16,Heaney and Sons
7H5W7U2P5B4S5Z8I2,Lexus,LS,Goldenrod,12,multi-tasking,42,471,2017-05-26,Hermann-Ritchie
3Z4A6Q5P9J6A1A7V5,Maserati,Quattroporte,Yellow,14,algorithm,44,472,2017-11-07,"Schiller, Swift and Thompson"
6J0P9A0U8O3S2Z5N7,Chevrolet,Express,Maroon,14,hub,44,473,2017-05-01,Harber LLC
5U3O0O7O4C1T8R9S6,Dodge,Ram Van 2500,Maroon,12,non-volatile,32,474,2018-03-23,Beahan LLC
9Q5I1P6D3S0J0Y5F0,Ford,GT500,Goldenrod,14,monitoring,39,475,2017-07-01,"Abernathy, Bergstrom and Gusikowski"
4F4K5M2E0R9M6O8Z7,Hyundai,Scoupe,Mauv,14,Synergized,20,476,2018-01-20,Jones-Kuhn
8R8Z3G2V4E0K5I9N1,Chevrolet,Venture,Maroon,15,service-desk,42,477,2018-02-02,Carter Inc
1P6X5U7W9Q3I0C2N1,Toyota,Celica,Pink,1,Horizontal,27,478,2017-09-14,"Moen, Ondricka and McKenzie"
0P2O7N5C3E3U4M2V3,Jaguar,S-Type,Red,5,Digitized,46,479,2018-02-04,Jerde and Sons
1J7D0J8Z9V9T2V6Q8,Toyota,Truck Xtracab SR5,Puce,12,coherent,45,480,2017-06-04,Wiegand-Rau
9M9O9F0V9W4P5C6H5,Maserati,GranTurismo,Mauv,6,encoding,25,481,2017-06-10,"Johnson, Johns and Collier"
4G4C9X6H9W9H7Z8I3,Chrysler,Concorde,Crimson,13,5th generation,41,482,2018-03-10,Connelly-Greenfelder
8S2I1F1D3Q0W7W5T0,Mazda,MPV,Puce,13,Quality-focused,12,483,2017-11-17,Baumbach Inc
0C9Y1B6M5X0L2Q8D6,Chevrolet,Corvette,Pink,6,value-added,24,484,2017-12-29,Witting-Pfeffer
2T7X2B2L6I8O0W4G2,Mitsubishi,Outlander Sport,Teal,11,contingency,45,485,2017-07-01,Harber-Koss
6I4W5X3N0U2N9T9M4,Mercedes-Benz,S-Class,Yellow,15,eco-centric,50,486,2017-05-18,Watsica and Sons
7M8J1I6S5B2M2W0F1,Dodge,D350 Club,Purple,13,pricing structure,34,487,2018-03-08,Koss-Oberbrunner
4X8A1P2H4W3F2K1Y4,Chevrolet,Corvette,Fuscia,8,Adaptive,45,488,2017-04-17,Breitenberg-Jast
6K4L5I4H8C1H2G2O8,Mazda,Familia,Orange,2,Compatible,18,489,2017-04-24,Lowe LLC
9L9G9G9Z0I4T3N4H6,Mazda,MX-5,Violet,14,framework,46,490,2017-05-23,Schimmel-Goodwin
4L9V9Q0N4E0C9T3S7,Kia,Sedona,Aquamarine,4,6th generation,12,491,2018-03-16,Farrell-Mann
1K5I6Y4C7J4H6D6K6,Mazda,B-Series,Aquamarine,12,Synergistic,32,492,2018-03-12,"Hyatt, Abbott and Raynor"
6P0V1J3S6H9X6J2N8,Volkswagen,GTI,Blue,1,Universal,46,493,2018-02-16,Feil-McClure
9Y3C5V6M1K1D1R4C2,Isuzu,Rodeo,Green,7,time-frame,23,494,2017-07-15,"Shields, Kunze and Trantow"
8V6C6R1W6Z4B3O3L9,GMC,Rally Wagon 2500,Mauv,5,6th generation,43,495,2017-06-21,Schoen Inc
6U3N0T0O0P4B0W6Z8,GMC,Yukon XL 2500,Puce,9,Polarised,28,496,2017-07-12,"Wintheiser, Braun and Reichel"
5P2W2O3I3B1B7O1B1,Kia,Sephia,Purple,13,encryption,36,497,2017-11-25,"Barton, Paucek and Krajcik"
4W0L0A7U7N6D3Q3S5,BMW,3 Series,Puce,8,contingency,40,498,2017-09-09,"Frami, Gorczany and Gottlieb"
7C9B8T0B7C5C8R7F6,Mitsubishi,Eclipse,Green,2,emulation,46,499,2017-09-24,"Smith, Lakin and Stamm"
5X5C5J8T5Q9G6G0T5,Jeep,Grand Cherokee,Violet,9,Programmable,16,500,2017-08-15,Upton-Wolf
6L6S0C0E3K0E9W2D6,Dodge,Intrepid,Red,15,Visionary,23,501,2017-12-13,Frami Group
1F5K3Z5F4L0I9Q0K7,Ford,EXP,Purple,8,user-facing,22,502,2017-03-31,"King, Reichel and Casper"
8U5A6D9K5M1H5K6J5,Toyota,Camry,Red,13,Secured,29,503,2017-11-28,McClure-Hilll
6E1V8M4Z7R7Y5F4N5,Mercedes-Benz,GLK-Class,Khaki,3,leverage,30,504,2018-03-01,"Mitchell, Beer and Zulauf"
5Z2E5H6K1J8R1L6G3,Buick,Century,Aquamarine,12,neural-net,49,505,2017-05-20,Johnson and Sons
6C6F5J9R1Y4M6K5H4,Infiniti,QX,Violet,15,Mandatory,18,506,2018-01-21,"Greenholt, Kling and Heidenreich"
6M7U2Q7Q4A8Z2V4H7,Dodge,Caravan,Red,6,Networked,22,507,2018-01-30,Jast-Little
2M3R0Y5N9Y0G1Y4Z9,Chevrolet,Avalanche,Fuscia,13,Customer-focused,45,508,2017-12-26,"Bernhard, Stroman and Hoeger"
9I2M3O6X8K5O6C1Z7,Chevrolet,Express 3500,Red,10,Distributed,14,509,2017-12-15,Weissnat LLC
6W3N0Z3E9K9W3P5V7,Buick,Lucerne,Khaki,8,complexity,12,510,2018-02-20,Dietrich Inc
0U4Y5B9P9X8O3H6U0,Mercedes-Benz,CLS-Class,Green,12,process improvement,19,511,2017-09-02,Littel-Runte
8F7P7U8E1P9K5G2C3,Infiniti,EX,Indigo,2,Face to face,33,512,2017-07-27,Simonis-Marks
7R8A3O4G1D3W0H7Z0,Ford,F250,Puce,5,directional,41,513,2017-10-27,Gislason-Walter
4Z0X8E6T7I4U9T7K4,Geo,Tracker,Red,3,Versatile,24,514,2017-05-04,Aufderhar-Cruickshank
6O1F6U5Q7M5P9L2P4,Maserati,Spyder,Pink,3,protocol,25,515,2017-07-11,Ritchie-Conn
3G2F1E5G5A4B5L5R2,Mercedes-Benz,C-Class,Blue,11,Mandatory,17,516,2017-10-22,"Crona, Hagenes and Hodkiewicz"
1O5D3L0P0Y7F3T5Z7,Jaguar,XJ Series,Turquoise,5,reciprocal,35,517,2017-10-24,"Runte, Haley and Denesik"
2X0O1L0A2Q8O5T3V4,Hyundai,Elantra,Purple,12,Streamlined,37,518,2018-01-10,Jacobs and Sons
6X4C1R8S0V5T5G2S7,Subaru,XT,Red,7,Re-contextualized,25,519,2017-09-09,Lakin-Volkman
5G8U0P2R0V3F2D6T6,Lincoln,Navigator,Fuscia,13,Vision-oriented,21,520,2017-11-04,"Williamson, O'Conner and Armstrong"
7D0K8W8S4S3W3K5W9,Kia,Sorento,Goldenrod,6,Reactive,36,521,2017-06-07,Oberbrunner Group
6K4G3Y7C8H4T7L1W6,Audi,S4,Green,1,Inverse,22,522,2018-03-22,Brekke LLC
3M0D3H6R6C3I5E3A8,Ford,E350,Khaki,12,superstructure,42,523,2017-08-15,"Konopelski, Sanford and Considine"
6O0F4H0A1D6W9V9T8,Honda,Odyssey,Green,14,leverage,29,524,2017-07-20,Donnelly and Sons
3U1F3A3D4L4J7B6J5,Land Rover,Range Rover Sport,Teal,1,projection,25,525,2018-01-14,Ziemann-Heaney
8T4S6R1X1D5B2R3K8,Dodge,Ram Wagon B350,Crimson,15,conglomeration,47,526,2017-09-21,Braun Group
9O6P3A8F8X6I7V7S3,Chevrolet,Uplander,Goldenrod,8,info-mediaries,40,527,2017-10-14,Grady and Sons
5S2A4U1K6Q5O6L5I5,Mitsubishi,Precis,Puce,7,Synergistic,18,528,2018-03-23,Kozey-Hayes
2M7H9X1U4P6D7Q9L4,Buick,Park Avenue,Turquoise,7,Customer-focused,48,529,2017-10-31,Renner-Sanford
6T2V6B5Z5O1T0D1E7,Volkswagen,Touareg 2,Violet,2,complexity,37,530,2017-04-01,"Schultz, Hahn and Denesik"
4G4N2A1P1E3D9U3F3,Chevrolet,Colorado,Green,8,Self-enabling,17,531,2018-01-08,"Hartmann, Abernathy and Gerhold"
7C1O9P8I2J4O8J0K0,Pontiac,Firebird,Orange,8,transitional,19,532,2017-09-28,White-Vandervort
1Q2E1Q6K4Z6G4Q9F6,Volkswagen,GTI,Purple,15,circuit,31,533,2018-03-11,Runolfsdottir Group
7U9J2P9X3A5E9R4G5,Hyundai,Sonata,Purple,3,core,46,534,2017-07-23,Bogisich LLC
7D5U8L5T1W6N6T3R6,Ford,Econoline E150,Khaki,1,Profound,27,535,2017-05-14,"Monahan, Kuphal and Gislason"
1O2M5O0G0E6U3V3L8,Jaguar,X-Type,Crimson,4,monitoring,33,536,2017-10-24,O'Hara-Quigley
2M6O5Q7T1N3O7Z4D9,Jeep,Compass,Green,5,Automated,44,537,2018-02-08,Will-Cremin
2Y9V1U6Y3R2Q6Z3F1,Chevrolet,Lumina,Goldenrod,14,concept,18,538,2017-09-07,Jakubowski-Runte
2A7U2N4C7O0F1R3L6,Toyota,Avalon,Pink,1,Virtual,46,539,2017-12-15,Ledner Inc
2T7R3E0B5D5K7I5O5,Porsche,Boxster,Khaki,12,Fundamental,30,540,2018-01-12,Veum and Sons
4K6D8M3Y9R0E0P7J3,Audi,A8,Red,13,Extended,22,541,2017-07-08,"Fisher, Hoppe and Zieme"
4J9F4Y8Y5I7E8Z2W6,Land Rover,Discovery,Puce,8,reciprocal,18,542,2017-08-05,"Schultz, Jones and Boyle"
9Y8Y2B4P3I1M2J6O7,Pontiac,Bonneville,Orange,6,Enhanced,30,543,2018-01-25,Kulas-Kuvalis
1K9Z3Q9A7Y9E1B6W3,Land Rover,Range Rover,Goldenrod,11,Visionary,33,544,2018-02-21,Halvorson-Klocko
3P3T1R4D5M5Y7V7U0,Buick,Park Avenue,Puce,16,static,24,545,2017-12-18,Flatley-Kunde
1W1S3I2L9G8B1J3N6,Oldsmobile,Bravada,Green,3,Synergistic,38,546,2018-01-26,Hills Group
9Q5D2X7R1Y8B9T1O7,Audi,S4,Crimson,10,framework,16,547,2017-10-14,Lockman and Sons
8C7Q3O2W9V9V3J3K8,Pontiac,Sunbird,Puce,5,content-based,26,548,2017-08-25,"Miller, Kuhn and Tillman"
4S5H2A8E8R3E1Z3W6,Volkswagen,Jetta,Teal,8,multi-state,32,549,2017-12-02,Auer-Crist
2X6C7A2E0L0F8G5O8,Hummer,H1,Teal,1,Profit-focused,13,550,2017-09-29,"Medhurst, Effertz and Grant"
3F6Y6J4M6R3Y1C5N7,Audi,A6,Green,15,User-friendly,11,551,2017-05-05,Altenwerth-Wisoky
2P4C5A2S2M3M5P8L7,Ford,F150,Pink,9,explicit,22,552,2017-08-06,Conroy-Kub
1J6M3S9H9U4R1N9Z8,Mercedes-Benz,400E,Crimson,2,product,18,553,2017-05-20,"Kuhn, Jaskolski and Flatley"
9Q9R4X2K3D5R7E4O9,Volkswagen,Golf,Goldenrod,14,synergy,28,554,2017-04-17,Schuster LLC
7O3M0R9D9O1R8U7G8,Ford,Mustang,Turquoise,14,3rd generation,22,555,2017-10-26,"Nader, Bashirian and Parker"
9L2D6Z8B4J9B1W5Q5,Suzuki,SJ,Purple,4,algorithm,33,556,2017-06-01,Klein Inc
0T3U0C4N9O9H2X1S2,Volkswagen,Cabriolet,Aquamarine,8,24 hour,44,557,2018-01-31,"Botsford, Welch and Emard"
9P9J1A2P4F6T4T5S1,Ford,Taurus,Turquoise,4,data-warehouse,10,558,2017-09-22,"Dooley, Reichel and Grant"
0P3M5Q7J4V6T5G0D3,Subaru,Impreza,Maroon,9,4th generation,34,559,2017-07-21,Becker Inc
1J8C6L0L7D7R3I8T8,Audi,S8,Turquoise,3,coherent,27,560,2017-05-17,Hyatt-Ziemann
8U0X9P9Y6D6Q4T4A1,Mercury,Cougar,Teal,6,Implemented,46,561,2017-06-28,"Lubowitz, Reichel and Hane"
8D9R4Q1P2Y5E8B1P2,Ford,Ranger,Red,9,impactful,25,562,2017-11-27,Purdy Inc
5O7B4X4V2O6I6W8L7,Toyota,Sienna,Puce,3,system-worthy,26,563,2017-06-18,Conn LLC
5J7E4L4J9O3V5U0S1,Hummer,H3,Green,7,paradigm,11,564,2018-02-18,"Rempel, Lockman and Dibbert"
2O7U5I3A6C9R6Y2F0,Nissan,Rogue,Maroon,10,eco-centric,18,565,2017-08-01,Yundt-Hickle
2J9I3D4D0A6X9L6Y1,Volkswagen,GTI,Mauv,2,structure,11,566,2017-06-23,Shields Inc
0Q8H5M2R1P3H9A1I6,Mitsubishi,Lancer,Mauv,16,firmware,27,567,2017-11-14,Bosco-Gorczany
1U0U0Z2N0Y0P8S3K3,Pontiac,Bonneville,Red,12,firmware,41,568,2018-02-05,"Stokes, Bogan and Harris"
0W7Z6G2B8V3X2P6O6,Hyundai,Elantra,Puce,9,strategy,50,569,2017-09-18,Toy-Corwin
9R1L6B5S1Z8L5Y2Q7,Maybach,Landaulet,Purple,12,explicit,17,570,2018-03-22,Mraz-Krajcik
5I9C4E9U2E7P2Z6A0,Mercury,Sable,Pink,5,background,15,571,2017-11-05,"White, Anderson and Harris"
1F4P7V7R5W5M7I9I0,Mercury,Tracer,Goldenrod,3,Reverse-engineered,30,572,2017-06-23,Hessel-Senger
8Y3E4J8J8L4S6Z3N3,GMC,3500,Red,2,local area network,31,573,2017-09-02,Lindgren-West
2V0R4M2O6Y3D5B4O1,Geo,Prizm,Orange,12,Self-enabling,32,574,2018-01-09,Ankunding-Gutkowski
7R3P5J9U1D8A2V5U2,Chevrolet,Camaro,Indigo,10,transitional,47,575,2017-05-08,Dickinson-Bauch
2K3T7S9X0B7R9Q1T0,Ford,Torino,Indigo,10,mobile,34,576,2017-07-21,Hauck-Thompson
0S6D5F9I4N5F7K0V6,Subaru,Alcyone SVX,Puce,11,artificial intelligence,40,577,2017-04-01,Parker Inc
1H0G9X4Q5T2W2Q2Q9,MINI,Clubman,Aquamarine,13,challenge,23,578,2018-01-02,O'Reilly-Koss
9J8G1K7I9I3H0J5M1,Mitsubishi,Endeavor,Puce,9,Intuitive,26,579,2017-11-05,"Schinner, Keeling and Sporer"
2W7L8F8Z9A2D2M1S8,Ford,Explorer Sport Trac,Purple,6,Ergonomic,42,580,2017-04-02,Pagac Inc
6Q3A4Q5O7S0P7Z9Y4,Dodge,Dakota,Yellow,7,Networked,48,581,2018-01-29,Fahey-Ritchie
0D0Z9L5G4V8Q9C1V7,Dodge,Ram Van 1500,Pink,10,Right-sized,24,582,2018-01-24,White LLC
0B7D6E6C2B3B6H3P8,Mercedes-Benz,SLK-Class,Red,13,toolset,27,583,2017-12-26,Kuvalis LLC
2W4S7P6X3Z1K0P9R2,Mercedes-Benz,CLK-Class,Teal,8,website,30,584,2017-10-19,"Berge, Baumbach and Herzog"
8V7T5C3B9Y1I3U1Y2,Dodge,Ram Van 1500,Crimson,10,systemic,40,585,2017-11-02,Cole-Schimmel
0S0F3C9D6U7Z7Q7X2,Pontiac,GTO,Khaki,2,forecast,49,586,2017-08-28,Kerluke-Stiedemann
5L5F4Z3Z1Q2N3B5O1,Ford,Edge,Crimson,4,capacity,26,587,2017-11-12,Muller Group
2E3N5W8D1A3X0H1R6,Ford,Probe,Indigo,8,Switchable,27,588,2017-08-08,Hane-Cartwright
4V6K9C1E7H5H8T5H1,Oldsmobile,Bravada,Pink,5,Horizontal,21,589,2017-07-11,Zboncak-Hauck
4P2X2N9N6Y4E6J8N3,MINI,Cooper,Indigo,16,explicit,21,590,2017-04-23,Friesen-Dicki
8F3W4R5C1Y0R8J1A0,Volkswagen,GTI,Indigo,3,knowledge base,10,591,2018-02-07,O'Reilly LLC
1Y4Y9W9R8F3B3Q5V3,Subaru,Impreza,Green,5,info-mediaries,32,592,2017-08-28,Reinger-Doyle
9Y4Q8U0J4M2C3J4P5,Ford,Taurus,Pink,9,methodology,35,593,2017-08-21,Russel-Friesen
5R4V4X4W1B7M9T4E3,Ford,E-Series,Turquoise,9,Optimized,50,594,2018-01-30,Strosin-Zulauf
8X2V9O8C1K4O0P4R7,Chevrolet,Suburban 1500,Blue,2,Multi-layered,19,595,2018-03-08,"Gulgowski, Romaguera and Luettgen"
7Z9H7V0B8G8E1D5B9,Mercedes-Benz,W201,Turquoise,2,demand-driven,26,596,2018-02-15,Murray LLC
1I7A2T9Y9G7U7K8U6,Chevrolet,Suburban 2500,Red,10,Up-sized,30,597,2018-02-04,Feeney-Hickle
8I4A3I5M5C3Q6E9C7,Mercury,Capri,Puce,11,full-range,49,598,2017-03-31,Davis-Koelpin
4I4H7A3B8V1K9N9M4,Toyota,T100 Xtra,Maroon,12,cohesive,32,599,2017-05-06,Eichmann-Graham
1V2W6G1K6L4L8B3G8,Pontiac,Montana,Maroon,3,Enhanced,49,600,2018-03-10,Weber-Cummerata
8P5G0W4Y1K3X6E6L0,Ford,Aerostar,Orange,15,transitional,40,601,2017-05-18,Bins and Sons
5O1U0F9Q6H5Q8Q0J8,GMC,Yukon,Mauv,14,extranet,23,602,2017-10-05,Upton Inc
2I6G0Z8Y0S4X8C1P5,Ford,Escape,Khaki,9,Automated,48,603,2017-05-07,Hahn-Huel
5C6E4P7X1M1O0E8I4,Nissan,200SX,Fuscia,7,executive,35,604,2017-07-18,Monahan and Sons
7N0M3F0X5Q9V0M3H1,Hummer,H1,Fuscia,13,Expanded,14,605,2017-06-07,Walker-Hahn
9L7E3L7F9U0S2E6V4,Lexus,GS,Aquamarine,10,bottom-line,34,606,2017-06-13,Schinner-Crona
1Z3Y3Z6C2Y8I9C2I4,Kia,Spectra,Mauv,1,neural-net,30,607,2018-01-19,Quitzon Group
1U6L4Z3F1R4B1L7I7,Pontiac,Grand Prix,Indigo,8,hardware,40,608,2018-02-12,Berge-Jakubowski
1J0V3N6V1O6A3Y6E2,Nissan,280ZX,Aquamarine,15,Fundamental,43,609,2017-07-12,Powlowski-Wisozk
6H9F8D0D6B1A3O7Y9,Subaru,Forester,Crimson,7,Streamlined,32,610,2017-09-10,"Schuppe, Thiel and Schamberger"
6F9Q5D5D9S9I9R7P9,Lincoln,Mark VIII,Violet,5,superstructure,30,611,2017-05-04,"Labadie, Kulas and Weber"
8D7L9M1M0K9Z8W8P1,Ford,F350,Green,1,radical,33,612,2018-01-15,Oberbrunner LLC
9H0H7V4T9Q6C4F9B0,Volvo,V50,Khaki,12,internet solution,30,613,2017-08-04,Lubowitz Group
0F5I1B1W9M0I3W7Z5,Acura,Legend,Teal,13,directional,39,614,2018-01-14,"Okuneva, Koepp and Will"
2O1M7B3J0K4L4G9X7,Mercedes-Benz,SLK-Class,Fuscia,13,grid-enabled,15,615,2017-08-25,Runolfsson-Rolfson
4S3G8X9M5N0N6Y3X4,Chrysler,Aspen,Goldenrod,6,executive,35,616,2018-01-13,Leannon Group
5I6Y8I0M0V9C4X1F7,Land Rover,Range Rover Sport,Indigo,6,array,35,617,2017-10-17,Stroman and Sons
1C8Y6N0B5F1C8D1Y7,Ford,F150,Red,1,user-facing,44,618,2017-04-30,"Kuphal, Borer and Abbott"
2D7G2G3U6L0O0T8L7,Chrysler,Sebring,Teal,7,User-centric,16,619,2018-02-18,Ankunding Inc
5P7T9A5D9T6A2K1V9,Jaguar,XK,Puce,4,Universal,20,620,2017-10-05,King-Brakus
7G4Q4K6H9C5D6D2R5,Buick,Regal,Orange,15,maximized,15,621,2018-02-01,Hettinger-Stracke
5J8E5A8T1U0K4D7S5,Saturn,S-Series,Fuscia,7,local,10,622,2018-01-23,Yost LLC
8P5F1J0T6O3F6C2X3,Buick,Century,Indigo,11,Profit-focused,21,623,2017-12-12,Carroll Group
9V8Q8T4I7U1Z6C7M2,Scion,xB,Orange,6,Streamlined,22,624,2017-05-27,Hermiston and Sons
7F2X0E4W0L9A2W4Y0,Mercedes-Benz,C-Class,Orange,1,value-added,17,625,2017-06-13,Schmeler-Wilderman
7A1W7W2F2V6F8B0E6,Dodge,Stratus,Goldenrod,14,Phased,20,626,2018-03-18,"Padberg, Treutel and Jenkins"
0I9B7M2E5B9G9H9I6,Nissan,Quest,Orange,13,extranet,20,627,2018-02-10,Konopelski Inc
8B6C3C5B2P9X6U3T6,Saturn,Aura,Maroon,16,Triple-buffered,41,628,2017-04-25,Wolf-Green
8K8W8M7F6S0C7R7A5,Mercedes-Benz,C-Class,Mauv,5,Persistent,13,629,2017-08-05,Walter-Fadel
5U4U3F3Z4H1A5E8S9,Saturn,Ion,Purple,16,tertiary,39,630,2017-12-06,"Blick, Hintz and Willms"
8H2F1D0G7H0W0M0K5,Lexus,SC,Orange,7,next generation,16,631,2017-03-30,Terry-Littel
5J8N7U2W7R7Q2S9V7,Toyota,4Runner,Orange,8,radical,11,632,2017-12-23,Klein-Murray
7D2Z2H2A1Z8B4G8E6,Ford,F150,Turquoise,7,Exclusive,39,633,2017-08-04,"Spencer, Sipes and Cormier"
9H9C1Q1E2Q4C9M3F0,Chevrolet,Cavalier,Mauv,16,leading edge,27,634,2017-04-13,Gleason LLC
1U6F0H6P2K7E3A4D4,Jeep,Wrangler,Orange,1,dedicated,46,635,2018-02-03,"Berge, Bauch and Turcotte"
3G8O5M5Q8V9X8P8P4,Chevrolet,Express 2500,Crimson,12,De-engineered,44,636,2017-10-14,Mante LLC
3J9B5U7Y9V2K1A2W5,Dodge,Durango,Indigo,3,Horizontal,11,637,2017-05-25,Thiel-Pacocha
2G7S4M2U6J5R5I0W9,BMW,X6 M,Violet,6,motivating,26,638,2017-05-31,Torphy-Hane
2T3K6I9V4L9K0H8T9,Volvo,V50,Blue,5,human-resource,20,639,2017-09-19,O'Kon-Ruecker
8P2Y4N8G0G5X4F6U4,Infiniti,I,Teal,6,neutral,30,640,2018-01-09,Reichert and Sons
4N0Q6U2S8L8X7Z0V8,Kia,Optima,Turquoise,11,success,19,641,2018-01-15,"Wolff, Heathcote and Spinka"
5L6H7C1V3G5I2H6Y4,Toyota,Paseo,Green,16,throughput,45,642,2018-03-09,Ryan-Padberg
5H7C0O5U1Q9K9Q7D8,Honda,Civic Si,Crimson,15,local,44,643,2017-09-11,Lind Inc
1J9B0X1L0H6C6T2V7,Pontiac,Bonneville,Puce,11,access,38,644,2017-05-30,"Nienow, Pfeffer and Wilderman"
1M7T1F9M3V4A3T0W6,Kia,Rio,Green,14,Fundamental,20,645,2017-09-01,Waters LLC
5X4D2I0K4U2R7K7U4,Dodge,Ram Wagon B350,Indigo,2,conglomeration,44,646,2018-01-28,"Konopelski, Stanton and Huel"
3F6M8S8Z5X6J7M9A0,Pontiac,Grand Prix,Orange,14,global,14,647,2017-04-28,"Wiegand, Stiedemann and Ebert"
6U8J8Q3I1B1A5Q6S9,Chevrolet,Express 2500,Maroon,4,executive,29,648,2018-02-20,Bernhard LLC
3J7X8T7Y9T4Z6Q2X2,Infiniti,JX,Teal,3,6th generation,18,649,2017-09-06,"Wisoky, Terry and Harber"
6Z5Y2G7A4V3F8Z6H2,Suzuki,Grand Vitara,Crimson,11,uniform,34,650,2017-12-14,"Turcotte, Weimann and Kirlin"
1T9L8Z8F0K8I1X0U7,Subaru,Tribeca,Orange,9,uniform,13,651,2018-03-14,"Goodwin, Adams and Wilderman"
4N7B9T8M8F0V6U2M1,Mercedes-Benz,SL-Class,Violet,16,toolset,45,652,2017-07-01,"Predovic, Willms and Torphy"
4M3G5N8I0P8E7P4M4,Honda,Odyssey,Pink,7,Function-based,34,653,2017-07-01,Bartell and Sons
4Q6A1Y8I4B6N7Q6R7,Aston Martin,DBS,Aquamarine,6,superstructure,17,654,2017-09-10,Emard-Robel
2V4Y4H5F5Y6F5Q1F4,Suzuki,Forenza,Indigo,12,access,22,655,2017-12-12,Renner Group
7P2U9U4D3Y7D9I8V1,Suzuki,Cultus,Maroon,1,optimal,44,656,2017-10-19,Heaney-Schiller
8J6E5W0R6A4T7I0F9,Toyota,Paseo,Yellow,16,grid-enabled,13,657,2017-04-06,Ryan-McClure
6Y8G7X2W2S1Y0G1Y5,Ford,E350,Green,16,Proactive,10,658,2017-09-17,"Batz, Schneider and Zulauf"
1A7C2A0R6K5U8F3B4,Honda,Element,Violet,1,clear-thinking,38,659,2018-02-27,Lesch-Reichel
8T0V7E4W9H5C0I5U7,BMW,X6 M,Goldenrod,3,open system,36,660,2017-06-08,Langosh Inc
1V7R1Z5E1N4N5T0K9,Lexus,GS,Red,6,human-resource,24,661,2017-11-08,"Runolfsdottir, Monahan and Johns"
5V7J4Q1A8H8A9U9X8,Chevrolet,Tahoe,Indigo,15,database,26,662,2017-11-12,"Ullrich, Spencer and Yost"
0F3L6Y3A8C7T1L3C9,Volkswagen,Passat,Violet,13,hub,48,663,2017-07-29,Lebsack-Kub
6C2K5A6L8C3W4R1A9,Dodge,Ram 2500,Goldenrod,4,Persistent,26,664,2017-05-07,Howe Group
5L7F6E9P3F6I2T8O5,Volvo,S60,Maroon,8,Open-architected,28,665,2017-04-20,Muller LLC
1K5F0Q7L5U7Q4B4A3,Mazda,MPV,Green,8,Ameliorated,45,666,2017-05-10,Watsica-Ferry
6J7M4V0B0N5F0W8J7,Lexus,RX,Green,2,Visionary,15,667,2017-07-13,"Lesch, Stanton and Bogan"
2K4H8W2X6K7V5A3E1,Volvo,C30,Purple,6,Horizontal,22,668,2017-10-21,Cartwright-Yost
1N2B4P6B7N6O9O6X1,Chevrolet,Cavalier,Crimson,1,global,34,669,2017-07-20,"Nader, Davis and Mante"
7U9Q0C1D5B2L5S0M4,Honda,Pilot,Mauv,5,24 hour,49,670,2017-10-18,Kutch-Jones
9U1G9A1L7M0L4Y3R8,Lotus,Esprit Turbo,Crimson,7,multimedia,41,671,2017-09-01,Mills-Boyer
0A8X9A3B6Z0W0F7Y6,BMW,6 Series,Crimson,2,Configurable,50,672,2017-11-04,"Koch, Bartoletti and Kshlerin"
8E7S9L1Y2Y1C6L7P1,Mitsubishi,GTO,Orange,15,Persistent,30,673,2018-03-08,Herzog-Daniel
3V4T3B4P1F2C8R6E0,Mercury,Sable,Pink,7,Persistent,27,674,2017-10-29,Hand-Collins
7C0A0K2R7O1O5V9K9,BMW,Z4,Violet,6,maximized,41,675,2017-11-24,Wintheiser Inc
7G6Q2S4T6E6P9E7J6,Kia,Sorento,Green,10,4th generation,20,676,2017-10-30,Bednar-Huel
3O3P2H8G9P1V5E3U7,Aston Martin,V12 Vantage,Teal,14,exuding,44,677,2018-01-16,"Kshlerin, Wiza and Bartell"
6J4W1L1U9X3L3F7P2,Kia,Spectra,Violet,16,Proactive,20,678,2017-07-08,Flatley Inc
1S4Q3D3D4G5M5P6I1,Infiniti,M,Violet,11,Multi-layered,33,679,2018-01-15,Will Group
7E5E8B6Z2Q4U5F0B9,Lexus,LS,Crimson,4,approach,20,680,2017-12-23,"Lockman, VonRueden and Schowalter"
8O3H6J9J4L9G1F9I4,Dodge,Dakota,Maroon,2,national,21,681,2017-12-11,"Predovic, Denesik and Morissette"
7Z5Z5Y5W2I4J8K9C0,Land Rover,Range Rover,Pink,8,hardware,33,682,2017-10-08,Bogisich-Halvorson
8E7U1G5D9Q7U3T5P9,Hyundai,Elantra,Violet,15,client-server,10,683,2017-05-20,Sporer LLC
2W6Y6R0F9H9P7L9D9,GMC,Terrain,Violet,8,even-keeled,40,684,2017-03-27,O'Conner-Mraz
6L1W8L5S4U7N6Q8F6,Buick,LeSabre,Red,5,function,18,685,2017-11-16,Hickle-Reynolds
9M7T2Y5G8N3I5K2R7,Pontiac,Firebird,Aquamarine,16,Digitized,25,686,2017-04-11,"Mann, Bayer and Adams"
3W3I7Z0I1S9K9Y4U7,Chrysler,Imperial,Indigo,6,Extended,32,687,2017-06-03,"Bins, Aufderhar and Swaniawski"
1V3H8M0H1F0S1J8K2,Volkswagen,CC,Orange,4,system engine,18,688,2017-08-18,Gusikowski LLC
8K9M5I6B2B1U7R6Z6,Subaru,Tribeca,Goldenrod,15,Compatible,46,689,2017-10-06,Turcotte Inc
8B1Y3G7L4S7J0C3Y5,Dodge,Grand Caravan,Purple,11,flexibility,44,690,2017-04-24,Price Inc
0Y3C7M9N6E9X6V0G8,Ford,F350,Khaki,7,success,42,691,2017-04-05,"Steuber, Rolfson and Rempel"
0E8L6P8G1O3D4R2C8,Buick,Skylark,Teal,14,analyzer,26,692,2018-02-26,"Graham, Runte and Wintheiser"
2H3D2G0F6T4A7I2J9,Dodge,Stratus,Blue,6,Robust,12,693,2017-07-08,"Lowe, Erdman and Simonis"
3X0B0E3F8U6Q8Z6W7,Toyota,Camry Solara,Turquoise,9,Cloned,18,694,2018-03-05,Hodkiewicz-Nicolas
1E4X9O8J7J3W5H9Y0,Saab,9-3,Purple,7,Reduced,22,695,2017-03-25,"Schmeler, Herman and Thompson"
0D6C4F2G6D0R8T9R3,Chevrolet,HHR,Orange,2,grid-enabled,47,696,2017-05-22,Corkery-Friesen
4Q2R5S2E5P5X0M4A4,Volkswagen,Golf,Indigo,6,encompassing,13,697,2018-03-01,Morissette LLC
3O1B3T5P8T1X0V1T8,Lexus,IS-F,Green,5,Optional,46,698,2018-01-08,"Reichert, Upton and Lehner"
5I3G7P1P3A1U8F9B0,Audi,RS6,Turquoise,7,Organized,21,699,2017-12-06,"Bergstrom, McClure and Grant"
8S9C2V6D4I3G5J7N6,Nissan,Armada,Khaki,8,empowering,29,700,2017-07-31,"Sawayn, Altenwerth and Langosh"
7P0K2Z4R1R8W1D0T7,Toyota,Avalon,Maroon,13,collaboration,35,701,2018-03-04,Treutel and Sons
7S2Z2P1D2Y0H4F0W6,Volkswagen,Touareg,Green,14,tangible,17,702,2018-01-03,Mills Inc
1S1H8W0L8S9Y1T5X2,Jeep,Patriot,Indigo,12,encompassing,15,703,2017-12-28,Huel-Kunde
5X1Z9C2C8N5C2P4O9,Lotus,Elise,Violet,3,Operative,35,704,2018-03-09,Hammes Group
1M4T0S9K1Z0Y0P3K2,Saab,9000,Goldenrod,7,motivating,32,705,2017-10-30,Willms-Bogan
2G8Z5R7V7R5J1G1G0,Hyundai,Santa Fe,Yellow,9,human-resource,46,706,2018-01-05,Carter LLC
3M5D0E1G6T9F9W4B3,Mercury,Mountaineer,Red,10,flexibility,27,707,2017-08-14,"Stoltenberg, Bergnaum and Towne"
9D4A3B5Z0E2O1X6K6,Chevrolet,Suburban 2500,Aquamarine,15,application,19,708,2017-12-24,"Zboncak, Romaguera and Bode"
0G9Q1V3F0S7L1N2S8,Spyker,C8,Khaki,12,asynchronous,13,709,2017-09-19,"Larkin, Sauer and Farrell"
8C1K4V4V8P4Y6A5X0,Saab,9-3,Indigo,16,policy,37,710,2017-11-15,Homenick LLC
4F8I6I9E1Q5Q2A0J3,Mitsubishi,Pajero,Goldenrod,4,Secured,20,711,2017-05-31,Jakubowski-Quigley
4M2E1N8P7C1W1M4T7,Dodge,Ram Van 3500,Maroon,4,Progressive,10,712,2017-11-21,Wuckert Inc
2L6K3R8X8T8O9T6N2,Volkswagen,Golf,Red,3,initiative,43,713,2017-04-24,Walker Inc
4U8S7M9O9Y4N4T3C7,Ford,F-Series Super Duty,Mauv,7,Sharable,25,714,2018-01-16,Trantow Group
9E9Z3J1X1P3H4C3W7,Audi,90,Orange,7,frame,24,715,2017-06-04,Batz-Parker
4E4H6Z5E7T7P4H2X5,Subaru,Forester,Turquoise,15,global,49,716,2017-08-14,"McDermott, Smitham and Torphy"
0O5V8K1M7F4Y0L8B6,Chrysler,300,Goldenrod,5,encoding,28,717,2017-11-10,"Stoltenberg, Cummings and Kemmer"
8Q8O1R1G2G6Y3C1J3,Mercury,Topaz,Blue,6,orchestration,23,718,2018-03-09,Metz LLC
7Z3L5L3O3A0F6F9N2,Mitsubishi,Galant,Red,3,bottom-line,18,719,2017-07-26,MacGyver-Hodkiewicz
8F0J0V7I9H7U5H1K5,GMC,Yukon,Maroon,14,dedicated,38,720,2017-05-27,Funk Group
8O2L4V0L9Q8N9B1B8,Maybach,62,Red,9,full-range,22,721,2017-12-05,Roberts-Bednar
3H4K4X9B4M5B6Z8M5,Mitsubishi,Galant,Aquamarine,11,mobile,27,722,2018-01-10,Kuhn-Mante
4A9C2T2X7Q6O9D8P0,Dodge,Magnum,Teal,6,core,49,723,2017-08-25,Frami Inc
5Y8T1M9C3C0A0S9N6,Toyota,Tundra,Maroon,11,cohesive,43,724,2017-10-11,"Vandervort, Kovacek and Welch"
6J1A5Z9Z7K8K5Y5Y5,Audi,Quattro,Orange,15,logistical,30,725,2017-10-21,Prosacco-Connelly
4A1D8U5S8K4W7Z8G3,Audi,90,Red,9,Intuitive,27,726,2017-10-27,"Welch, Douglas and Schmeler"
3B5D7J7P0Y9E4X8T3,Lincoln,Town Car,Purple,13,Face to face,20,727,2017-04-05,"Cormier, Lockman and White"
1E2W3W2K7G9Z0P1I9,Dodge,Grand Caravan,Purple,2,multi-tasking,28,728,2018-01-15,Nitzsche-Ebert
8I6Z5D3T3U8H9X8H0,Ford,F-350 Super Duty,Yellow,12,Managed,11,729,2017-09-18,Hudson LLC
6H7M7U8U4V7K7Y1D0,Volkswagen,Eos,Aquamarine,16,analyzer,21,730,2017-11-24,Dibbert-Hintz
6A1Q2J4A8G3U9Z9M8,Mazda,RX-8,Orange,4,tangible,28,731,2017-12-07,McClure-Willms
6Z6S6L5H3T9I4D9N9,Infiniti,G35,Purple,16,national,11,732,2017-05-26,Cummerata-Hirthe
9V0L8Q9U8G6V7Y8U0,Toyota,Previa,Red,2,Realigned,16,733,2017-07-06,Langosh-Hintz
7G5O8T7A1I6Q2Y7S2,Austin,Mini Cooper,Indigo,9,framework,46,734,2017-10-26,Rolfson Inc
6F5W4N5R8P3X7V3U7,Honda,Odyssey,Fuscia,14,Reduced,23,735,2017-06-27,Lehner-Gibson
5K2B9W1D5B9N5F9P9,Dodge,Viper,Teal,4,object-oriented,46,736,2018-02-07,Littel Inc
6C4F1A5Y5O4K9F1E5,Chrysler,300,Teal,10,product,17,737,2017-12-06,Kulas Inc
6R8T6S1V1A4R0Q0Q8,Ford,Fusion,Blue,13,Expanded,49,738,2017-10-13,Frami-Satterfield
3E3L0I1W9V5Y6J7C8,BMW,Z3,Goldenrod,10,incremental,13,739,2017-04-21,Oberbrunner Inc
8L8L9A5N9S9Q0C8Q8,Buick,Century,Crimson,5,array,30,740,2017-07-01,Dietrich-Champlin
9G1Y5B1C8R1D0Q7C3,Ford,Explorer,Maroon,15,encryption,27,741,2017-07-18,Reynolds LLC
4D3T6F8P4J7B9X8N5,Mazda,MX-6,Green,16,extranet,19,742,2017-06-12,Leannon Inc
1H4K7Q8V0N5J1L7B3,Hyundai,Tucson,Yellow,11,stable,34,743,2017-05-19,Strosin-Koch
8B8S7I7L2D1C6X9W7,Toyota,Avalon,Green,9,database,25,744,2017-09-09,"Lueilwitz, Bogisich and Green"
4T5T4E8P3Q6Q3N0Z3,Chevrolet,Tahoe,Green,16,array,39,745,2018-01-13,"Mayer, Maggio and Powlowski"
0U0L4D4E6T0S5E5E8,Mercedes-Benz,S-Class,Maroon,8,access,10,746,2018-02-01,Kutch-Robel
7J6H2N4A1H5E8L9I0,Acura,RDX,Orange,12,middleware,14,747,2018-02-08,Jerde-O'Kon
2O9P7J1M2I5Z2B9J2,BMW,X5,Orange,15,static,28,748,2018-02-06,Stiedemann Group
2B2W0I5P5Q1D3L8S0,Volvo,940,Violet,15,Re-contextualized,15,749,2017-10-25,"Marquardt, Kreiger and Medhurst"
7T4M7H6Z8D7G9X4Q6,Pontiac,Grand Prix,Mauv,11,User-centric,40,750,2017-04-05,Beer-West
3T0H1S0V0U9R7J9B1,Chevrolet,Cobalt,Pink,6,Multi-lateral,25,751,2017-06-15,Lehner-Pfeffer
8H2I2A9W3X5L9W9Y5,Volkswagen,CC,Aquamarine,14,background,33,752,2017-11-28,Ondricka and Sons
5P4P9Q7I3O7X0Q7S5,Ford,Crown Victoria,Orange,1,actuating,45,753,2017-03-28,Kreiger and Sons
6J6H4F9E3J2M9G8O7,Cadillac,DeVille,Fuscia,6,impactful,17,754,2017-04-06,"Turner, Cassin and Fay"
8D1Y0D8P9I9Y1W2W0,Audi,R8,Puce,2,dedicated,34,755,2018-01-25,Boyer-Volkman
4U9C0P8W1T2U7M4M8,Cadillac,SRX,Puce,6,empowering,11,756,2017-07-16,Wyman-Corkery
6D6J4V1M5F5D3Z9Q9,Buick,Roadmaster,Yellow,12,analyzing,18,757,2017-04-22,Sauer Group
6S1T4Y0Z0M9L9Y9C9,Infiniti,I,Goldenrod,13,Focused,29,758,2018-01-15,"Rempel, Braun and Schuppe"
2G7E3N4C8Y8S4C1P2,Lamborghini,Countach,Orange,13,Visionary,32,759,2017-09-21,Daugherty LLC
0D1E8G8X9C4H6M4M5,Mercedes-Benz,C-Class,Teal,15,optimizing,28,760,2018-03-12,"Fay, Bogisich and Quitzon"
6P3T2Y2S7F2R4H8G0,Chevrolet,Avalanche 1500,Goldenrod,16,reciprocal,32,761,2017-12-23,Carroll-Stehr
1T9W7C9J7V2L2R9T7,Pontiac,Grand Am,Mauv,4,motivating,43,762,2017-10-21,"Gerhold, Grant and Reichel"
8X4N5O6P9A0B3V2N2,Bentley,Continental GTC,Orange,13,Open-architected,38,763,2017-09-28,Kshlerin-Schumm
2K2D7Q7T2O6N6M3R7,Buick,Century,Aquamarine,12,client-driven,28,764,2017-05-23,Hegmann Inc
7W5S8S8R8R1D4H2X7,Subaru,SVX,Purple,6,Quality-focused,17,765,2018-02-01,Lubowitz Inc
8J1N2O1I4F5O0H4R7,Toyota,Avalon,Mauv,1,alliance,30,766,2017-06-28,Gislason Group
9Q2A7T1Y8T4A2Y1J2,Plymouth,Neon,Khaki,7,composite,23,767,2017-08-24,Wyman LLC
5P0D8E4Z4G5H5U4I8,Suzuki,Aerio,Goldenrod,1,Organic,14,768,2017-03-30,"Fay, Cummings and West"
3L1Q5T4I7E2Y9R6I8,Hummer,H2,Orange,2,data-warehouse,37,769,2017-07-06,Greenholt Group
9H4Z6P4I1D7Y2K6L6,Mercury,Cougar,Indigo,4,installation,38,770,2017-07-13,Lehner-Turner
5D2C7H2R1G5Z4Y3F7,GMC,3500 Club Coupe,Khaki,6,product,23,771,2017-07-01,"Weissnat, Conroy and Boehm"
3H0N0A6R2K6U6G8Q6,Ford,Freestar,Aquamarine,12,encryption,10,772,2017-04-02,"Wisoky, Adams and Kuhic"
8Q0E8P6M3T1C8K4V6,Mazda,Tribute,Crimson,14,User-friendly,23,773,2017-12-21,Reichert-Howell
8A1H4K8Q1S3I8N0U9,Jeep,Grand Cherokee,Aquamarine,15,didactic,13,774,2017-07-01,Christiansen Group
6S9I8R4K4I9E0G0X2,Cadillac,Fleetwood,Fuscia,14,grid-enabled,32,775,2017-04-24,"Jacobs, Gorczany and Eichmann"
9X0X6A4O6G5A1E0E3,Toyota,4Runner,Khaki,4,access,21,776,2017-12-22,"Wiza, Lakin and Reinger"
1D8R3A9N7Q0C5S6K9,Toyota,Land Cruiser,Green,5,neural-net,18,777,2017-06-13,Erdman-Wiegand
8O5Y4F6F1M9X6S9O3,Toyota,Echo,Green,14,real-time,41,778,2017-12-30,"Cronin, Stracke and Lowe"
3D2G6F7O0X3C4V1B6,Ford,F-Series,Khaki,7,encryption,50,779,2017-09-17,"Farrell, Jast and Pagac"
1M8L7M5J7O9Q3S3N6,Mazda,MPV,Blue,3,Balanced,28,780,2017-10-22,Greenfelder-Medhurst
2U2Q4P8J8Z5F9W6F3,BMW,M3,Turquoise,14,heuristic,18,781,2017-04-23,"Davis, Howe and West"
3V6L6J0V7S6U7S4C9,Porsche,944,Yellow,6,core,40,782,2017-09-25,Huel and Sons
4W7T1V4X4J3J8C9P8,Mazda,MX-3,Khaki,7,forecast,46,783,2017-11-05,Klein Inc
0H3T5A2H2Y4L5O7R3,Lexus,ES,Yellow,5,system-worthy,38,784,2017-11-10,Hilll LLC
6B8M2X5V0S0P1Z4T1,Cadillac,Seville,Fuscia,3,interactive,43,785,2017-07-05,"Abshire, Upton and Ankunding"
3J8U1P5Q5B4N0A8K1,Nissan,370Z,Turquoise,7,orchestration,19,786,2017-08-17,Hoeger Group
5B4O2J4G6M9Y9J8P3,Ford,F-Series,Maroon,7,eco-centric,25,787,2017-05-12,Ebert and Sons
3Z7Q4V4Q5G5J0U8Z0,Ford,E-Series,Pink,10,Reactive,26,788,2017-12-15,Carroll Group
2L2K9L9G1M7E3C3Y6,Chevrolet,Blazer,Orange,10,homogeneous,36,789,2017-08-09,"Champlin, Pagac and Botsford"
9P8W5A3M7K4Q5S6M8,Nissan,Pathfinder,Purple,16,Ameliorated,24,790,2017-09-08,Murray-Quigley
6Z3X6Q7G3X6Y7J3U0,Dodge,Omni,Mauv,10,motivating,44,791,2017-06-04,"Harvey, Ebert and Torphy"
3K2W5I6G4I6U8G0K7,Toyota,Highlander,Maroon,8,focus group,30,792,2017-11-10,Frami-Cassin
8H9V5Q7K2B8A0B8C5,Plymouth,Acclaim,Orange,12,Object-based,46,793,2017-11-29,"Wintheiser, Will and Rowe"
6L6O9Q0Q3F9V2V3D4,Mercedes-Benz,300SD,Khaki,11,task-force,44,794,2017-08-07,Von Group
9W6B7N2N3H5X4S9R0,Chrysler,New Yorker,Goldenrod,6,Grass-roots,17,795,2017-06-18,"Heathcote, Gutmann and Hand"
6H4E7L5V1F2B6W7H0,Infiniti,Q,Khaki,1,value-added,17,796,2018-02-11,Rohan LLC
8N7T5J1R8G5B3Q6L5,GMC,Rally Wagon 2500,Blue,16,Decentralized,17,797,2018-01-20,"Farrell, Daniel and Paucek"
6S3T5W0C8M4U1Y4N8,Mitsubishi,Mirage,Pink,14,strategy,15,798,2018-03-15,Spencer-Langworth
1T3W6R2C0B5E0R8P9,Nissan,Sentra,Khaki,5,motivating,30,799,2018-03-07,"Jerde, Mayer and Schmeler"
2R7X0Z4L5N3M4G4N0,Ford,Focus,Fuscia,10,zero defect,12,800,2017-10-03,"Goldner, DuBuque and Herzog"
3M1H4S7A0Q9J8H3Z0,Cadillac,Escalade ESV,Red,2,demand-driven,20,801,2017-12-20,Cronin-Beahan
0B3B4Q5F5S3M9O5A8,Mercedes-Benz,SLK-Class,Fuscia,11,Upgradable,37,802,2017-04-21,Fay-Cruickshank
0O7C2O7N6H6M8R1P3,Ferrari,California,Aquamarine,5,bi-directional,24,803,2018-02-11,Jakubowski-Hansen
2H8T6W5S5H7T3Y4K3,Infiniti,G,Teal,16,24 hour,50,804,2018-03-15,Bogisich Inc
9T1T3U3Z8H6R3V7R6,Saturn,S-Series,Indigo,7,Sharable,35,805,2017-08-30,Prohaska-Jacobi
7D6Y8Z0A8G0I7L5S5,Volkswagen,Golf,Pink,2,Up-sized,44,806,2017-06-01,"Wilderman, Schulist and Turner"
0K4R1R8G0Z8Q3D7P0,Ford,GT,Puce,11,modular,49,807,2018-01-04,Rolfson-Jacobi
1F1G7D4T0D5A7Z4J0,Suzuki,Grand Vitara,Goldenrod,9,Fully-configurable,44,808,2017-03-29,"West, Pacocha and Franecki"
1U5E3R6A0P2F9Q4F9,Volvo,V50,Pink,12,24 hour,42,809,2017-09-05,Luettgen LLC
7Q1M6C9Q9T2Z7D6X0,Mitsubishi,Space,Goldenrod,12,Extended,22,810,2017-06-27,Waelchi-Bode
4D6J2Q5H9L4H2T7I9,Infiniti,Q,Pink,10,intranet,27,811,2017-05-09,"Pfannerstill, Kunde and Mayert"
4K7M3I1J4P9J8C2V9,GMC,Suburban 2500,Crimson,3,groupware,28,812,2018-03-01,"Klocko, Paucek and Marquardt"
1C9I2V2V9M4G1M6Z2,GMC,Safari,Indigo,8,array,34,813,2017-11-14,Vandervort-Nader
2V7Z2M3I6X8B5U5I1,Infiniti,M,Green,15,system engine,11,814,2017-07-11,Kihn-Schamberger
0Z3T0B6P9X9Y5C4Y4,Chevrolet,Express 2500,Turquoise,13,Public-key,32,815,2017-07-13,Rippin-Metz
8V3S8L8G4A0D3P1L8,Infiniti,JX,Maroon,15,Centralized,19,816,2018-03-14,"Hettinger, Nienow and Swaniawski"
2P2M8U2U6N5L8E9Z8,Volvo,C30,Maroon,3,strategy,41,817,2018-01-24,"Halvorson, Ferry and Hane"
0T9G1D8G2V1H7J3H8,Buick,Century,Aquamarine,1,orchestration,43,818,2018-01-28,"Bergnaum, DuBuque and Olson"
6T1T5X0V6E6X3Z2X2,Porsche,911,Red,6,time-frame,36,819,2017-10-02,"Johnston, Skiles and Nitzsche"
1O4M0Z4S2V4Q8I5O9,MINI,Cooper,Maroon,9,exuding,48,820,2017-06-19,Reynolds LLC
7C9V3I4E9U3I9D0L2,GMC,Savana 3500,Aquamarine,9,human-resource,18,821,2018-02-13,Deckow Inc
1M3V9W2A7T4P3L6C9,Ford,E-Series,Orange,1,moderator,47,822,2017-04-16,Kirlin-Cruickshank
9I6X9E3V4P5Q9T8J5,Ford,F250,Pink,13,Upgradable,11,823,2018-03-19,"Parisian, Beer and Leuschke"
1O7C1V2U6H2G9S3C2,Audi,S8,Maroon,10,fresh-thinking,13,824,2018-02-14,Bartell LLC
4K7I8K5A6B0C6R4Z4,Ford,Aerostar,Turquoise,5,Multi-lateral,44,825,2018-02-27,"Bayer, Buckridge and Veum"
0K9X6W0E7N2M6O8R6,Maserati,Quattroporte,Maroon,8,human-resource,33,826,2017-05-21,"Ferry, DuBuque and Friesen"
1I2K4T4I2H2R1F5Z3,Hyundai,Santa Fe,Blue,1,contingency,48,827,2017-06-01,Bernhard Inc
9A3P8P4I8U5L4Y8B3,Pontiac,Aztek,Maroon,10,system-worthy,28,828,2017-11-15,Dietrich-Nolan
8A0F5R1O3D0J6H8D6,Mitsubishi,Challenger,Aquamarine,9,Synchronised,19,829,2017-06-10,Adams-Lowe
5R5E9Z8A8B5R2L0X9,Dodge,Ram 50,Red,8,stable,23,830,2017-11-16,Ebert-Lang
8H3M1D0S4P0U6J1K6,Hummer,H2 SUV,Pink,3,static,40,831,2017-06-17,Aufderhar-Blanda
9Y3I8T6T9Z3K5K5X6,Dodge,Ram Van B250,Goldenrod,8,foreground,11,832,2017-07-22,Gislason LLC
2F3T3R4N8H3D0A2I2,Plymouth,Grand Voyager,Aquamarine,5,Team-oriented,43,833,2017-10-21,Stokes LLC
2W3P0N8M2H2L0Q8X2,Dodge,Charger,Red,15,heuristic,47,834,2017-11-05,VonRueden Group
2W4M6J4V7M6I2U0D5,Buick,LeSabre,Puce,16,website,14,835,2017-06-22,"Carter, Wehner and Franecki"
8S3N4P3U0H3G7V3C1,Volkswagen,New Beetle,Green,10,homogeneous,12,836,2018-02-28,Ebert LLC
7E0D8L1M6P3U5K0M8,Lexus,GS,Green,1,Integrated,10,837,2017-06-15,Armstrong Group
0L2H2S0R9G3S6J8E4,Chevrolet,Corvette,Indigo,16,responsive,45,838,2017-12-25,"Rippin, Johns and Hermiston"
2Z0Z3P0K2S4W9T1A2,Daewoo,Lanos,Orange,9,strategy,40,839,2018-01-15,"Boyle, Sipes and Gibson"
0W9D8T9W1C7Z6Z1N3,Ford,Mustang,Pink,3,algorithm,33,840,2017-05-11,Fritsch LLC
1Z8E8E0F5P2P0P4Y3,Isuzu,VehiCROSS,Maroon,16,instruction set,14,841,2017-05-24,"Koelpin, Wisozk and Sauer"
8K0I7S7R0S8K9Z4Y3,Porsche,Cayenne,Pink,4,collaboration,15,842,2017-08-25,Pfeffer-Kub
6X0U7Q0C5U3J7U7K1,Acura,NSX,Blue,5,encompassing,23,843,2018-03-11,Corkery Group
6B8S1T4C4Z8Y5J5D9,Volkswagen,rio,Blue,6,knowledge base,49,844,2018-02-08,"Emard, McCullough and Homenick"
9F3W0M0W6O7T4O7G9,Mercedes-Benz,CLS-Class,Green,7,instruction set,11,845,2017-12-11,"Anderson, Schneider and Wuckert"
9J0T8U1C5J9K2S9Y8,Ford,F-Series Super Duty,Green,16,Automated,12,846,2018-02-05,"Christiansen, Dach and Turcotte"
0A2V9K4D6I4O8Q5E7,Dodge,Charger,Mauv,15,intranet,13,847,2017-05-17,Treutel and Sons
0Q8F6N2P2I3T4E7U6,Saturn,Aura,Aquamarine,2,Multi-layered,49,848,2017-12-03,"Harvey, Bartoletti and McDermott"
7D1D9R3E4S6R1B5L4,Buick,Lucerne,Purple,2,Decentralized,33,849,2017-05-09,Hirthe Inc
7Q9O1D4B1D8G4I5T7,Maserati,GranSport,Red,9,Universal,45,850,2017-04-14,Baumbach Group
4U2H3A6W1H6Y9E2Y7,Plymouth,Colt,Crimson,1,Object-based,26,851,2017-08-10,"O'Keefe, Kub and Purdy"
7I7K7M6D5N3K1A5P1,Bentley,Arnage,Yellow,6,impactful,45,852,2017-04-09,"Sanford, Breitenberg and Greenfelder"
9U9F4A4Q1B4Z3D6C0,Mercedes-Benz,S-Class,Purple,15,conglomeration,31,853,2018-02-28,Hettinger-Gusikowski
6E5B6N4N4N8V0Q0L0,Mitsubishi,Tundra,Crimson,6,optimizing,47,854,2018-01-10,Collier Group
9U2T4N2G5C4S2T9R8,Audi,A6,Aquamarine,4,Synchronised,16,855,2017-08-23,Anderson LLC
8K0U1V2C5T5C4V7G6,Maserati,Spyder,Indigo,6,Sharable,45,856,2018-03-03,Robel Group
8A0L0U0C0I6T9B0H4,Chevrolet,Blazer,Mauv,13,Inverse,36,857,2017-08-14,Ratke and Sons
4A2E6E8H9T8Y1N9M7,Toyota,Ipsum,Puce,2,Open-architected,41,858,2017-07-23,Larkin-Lehner
5X8B8L5I0N0B3L2Z1,GMC,Safari,Green,10,4th generation,25,859,2017-08-12,Klein-Ryan
9O4U0E1C8S3B4B7Q7,Toyota,Tundra,Violet,14,Devolved,50,860,2017-08-28,"Gottlieb, Wilkinson and McDermott"
1O7O6X1T2T3H3W6S0,Chevrolet,S10,Indigo,10,migration,46,861,2017-12-21,Breitenberg-McDermott
2T2V2X3F7H4S2R5Q8,Buick,Skylark,Yellow,4,Profit-focused,36,862,2017-11-25,"Powlowski, Kovacek and Prohaska"
9R4G8Z3Y4M5C2H3L3,Ford,Taurus,Aquamarine,15,didactic,32,863,2017-12-03,"Rice, Moore and Smitham"
7Y2Q6H3W0N8J8O5T0,Ford,Econoline E250,Crimson,13,strategy,42,864,2017-08-07,Crist-Breitenberg
9E4H3A1A1U3F1G8O8,Toyota,Sequoia,Fuscia,6,fault-tolerant,22,865,2017-09-09,MacGyver and Sons
3C7T2E4V5G3N8B8Y2,Toyota,Land Cruiser,Red,7,Persistent,41,866,2017-08-14,Schulist and Sons
5N5D6K3I2F4H9G7F7,Toyota,Prius Plug-in,Green,3,infrastructure,14,867,2017-11-21,"Bednar, Hilll and Hand"
1W1R3B4O6X6U3P4C5,Chevrolet,Avalanche,Puce,9,Polarised,13,868,2017-03-30,"O'Connell, Bayer and Heller"
8A6Z3I5F0N0B8J3Y3,Audi,RS 4,Fuscia,3,firmware,41,869,2017-09-29,Smitham-Weissnat
0A7O5Z7Q9E1R5A8Q8,Saab,9-3,Crimson,5,hardware,10,870,2017-09-14,"Friesen, Schuster and Greenholt"
1D1E7Z8F4E4N6Y6V8,Subaru,Tribeca,Turquoise,7,Versatile,31,871,2017-07-22,"Kuhn, Turner and Ward"
8T9R6U0Y5A4K8N1F9,Chevrolet,Lumina,Aquamarine,13,open architecture,47,872,2017-07-16,Quigley-Eichmann
7I3Q5G6E0G6Y7E7I1,Dodge,Ram Van 2500,Mauv,8,Re-contextualized,15,873,2017-11-04,Dooley and Sons
1D3L9I8V0X1Q9P8Q5,Chevrolet,G-Series G10,Aquamarine,9,composite,28,874,2017-12-03,Orn Inc
0O6V0Q8C3V7Y1K9C7,Ford,E-Series,Mauv,15,Face to face,25,875,2017-08-31,Daugherty-Yundt
4E5Y8J0Y3C2J7P7F6,Mitsubishi,Tredia,Turquoise,14,array,26,876,2017-09-02,Wolf LLC
8E4P3Q7P8G3G0Z9H4,Toyota,Xtra,Puce,6,Customizable,22,877,2017-05-13,"Rath, Doyle and Durgan"
7X0K1I5S8K9X4M2N9,Buick,Century,Yellow,2,client-driven,50,878,2017-05-18,Fay-Sauer
9Q2F5R5O2U0W3T9W8,Ford,F250,Yellow,9,Operative,26,879,2017-12-31,"Medhurst, Bernier and Tillman"
9O2E5I3S4O4Z9X5B7,Dodge,Durango,Aquamarine,1,Universal,26,880,2017-09-28,"Dach, Schuster and Haley"
4U9C7V0H7H8F4R6Y9,Toyota,Prius,Pink,5,tangible,17,881,2017-05-19,Crist and Sons
1F0M9G6Z6A9W0D2U9,Geo,Tracker,Yellow,1,open architecture,36,882,2018-03-19,Blanda and Sons
2V2K4D5E6H9Y0Z4A5,Volvo,XC70,Yellow,2,migration,33,883,2017-10-20,Greenfelder Inc
1H0B0O0M6E2B2D9Z7,Pontiac,LeMans,Blue,11,zero administration,30,884,2018-03-18,Little and Sons
8F6M2O8E4P8N4N1J6,Land Rover,Range Rover,Blue,15,Configurable,20,885,2017-07-10,"VonRueden, Gottlieb and Williamson"
6A3X8H7F2X5G1X6V5,Dodge,Ram 1500,Purple,7,De-engineered,50,886,2017-08-30,Nader-Johnston
1V7P1Y5Q7C1W6D8B8,Chevrolet,Blazer,Purple,1,Cross-group,39,887,2017-11-11,Hoppe Group
2A2I4G3Z9S5D5Q3A6,Dodge,Shadow,Blue,11,De-engineered,22,888,2018-01-17,Crona-Rogahn
6W1P1E8N5J1D2D6S2,Jaguar,XJ Series,Yellow,15,bifurcated,12,889,2017-04-15,Kemmer LLC
6D2M0T4R0J5R7D5K5,Chevrolet,Lumina,Pink,16,executive,34,890,2017-05-22,Stamm-Macejkovic
3O5L3A8E1O2V3O5Y6,Pontiac,Grand Prix,Violet,13,6th generation,11,891,2018-02-27,Crooks-Pfannerstill
7A6M1M7G8A6F0S5H1,Toyota,Tercel,Red,2,bandwidth-monitored,31,892,2017-04-12,Dach LLC
9W9O6R5Y2M4G9E1O8,Chrysler,200,Goldenrod,2,leading edge,47,893,2017-03-27,Bins Group
5Z7F7U8A1K4Y3O8T3,Chevrolet,Cobalt,Crimson,13,Automated,28,894,2017-08-22,Fadel-Dietrich
6B8J4N7A5J7U5N4T4,Mercedes-Benz,SLK-Class,Maroon,15,knowledge user,21,895,2018-03-19,Gutkowski-Becker
0Z7B2U0G7I9D5A0X4,Chevrolet,Silverado 2500,Purple,15,Multi-layered,34,896,2017-10-23,Grant-Purdy
5Q1H1D4Y6K6R9S5O3,MINI,Cooper Countryman,Aquamarine,10,Graphic Interface,35,897,2018-01-05,Moore Group
7A5N3M7U2H7B2H0A4,Mitsubishi,3000GT,Indigo,16,ability,36,898,2017-07-22,Jast-Grady
4A8E4W7K3V4D3P7F2,Mitsubishi,Pajero,Yellow,3,open system,12,899,2017-07-25,"Pollich, Brekke and Beer"
9W5S2M3R6O2V1P8O7,Oldsmobile,Alero,Teal,6,Quality-focused,17,900,2017-08-14,Schmitt LLC
9G5U9A9Q7H5W5W2X7,Mitsubishi,Mighty Max,Crimson,4,array,19,901,2018-01-20,Langosh-Cole
7H8Q8Z5Y7W9T3S6X5,Lexus,LS,Teal,14,Compatible,26,902,2017-04-17,"Murphy, Paucek and Kilback"
6T7M5Q3N7M9P8P3S4,Toyota,Tercel,Purple,12,migration,15,903,2018-03-17,Trantow Inc
8I0Y8X8O9F2L2D8J3,Cadillac,Escalade,Green,15,clear-thinking,41,904,2017-05-11,Trantow Group
9C7O3R6O7M2M2B4D6,GMC,Acadia,Purple,1,web-enabled,13,905,2017-07-13,Kulas-Cremin
5G8Z5K6W1D4G1F6L3,Suzuki,SJ,Green,8,middleware,24,906,2017-07-13,"Hermann, Connelly and Durgan"
1L1A7N4E8B1O6K1O6,Volvo,S60,Orange,14,methodical,37,907,2018-03-14,Zemlak-Price
5F8O5O7Z3P9W7W8L9,Ford,F250,Blue,4,encryption,44,908,2017-12-20,Gaylord LLC
8Z3Y3A9E3G7K6X7F6,Mitsubishi,Pajero,Crimson,10,info-mediaries,43,909,2017-11-11,"Kuhlman, Huel and Leannon"
8X5U8V0K9Q4Q7T5G8,Ford,Crown Victoria,Crimson,11,Public-key,45,910,2017-08-15,Hane Group
7B6Z9M0R1Y8L2W2W8,Ford,Crown Victoria,Blue,15,real-time,29,911,2018-01-07,Hayes Inc
3U2K4D8X4M5V6V9R3,Ford,Tempo,Green,1,definition,13,912,2018-01-18,Cole-Padberg
1N1O2C0O9M3Y9X6A5,Lexus,GX,Mauv,10,open system,38,913,2017-10-13,"Barrows, Beier and Carter"
5G4L7U0O4N9Z1W7F3,GMC,3500,Fuscia,13,disintermediate,18,914,2018-03-20,Mayer LLC
8Z0L3M4T9R2C2M8K2,Acura,Legend,Yellow,5,Organic,41,915,2017-04-24,"Jaskolski, Denesik and Schneider"
2A8F7U3W1Q4J9C4O2,Dodge,Ram 3500,Crimson,9,Monitored,43,916,2017-10-29,Watsica Group
0N1V5T8Z1R7G3C6M8,Ford,E350,Mauv,6,Secured,45,917,2017-06-05,Reinger-Murray
6U3T2U2C2K6T5I5I3,Chevrolet,Corvette,Green,15,local,40,918,2017-08-15,"Heaney, Russel and Graham"
8V6S0L2D0W9S3P4R8,Chevrolet,Express 2500,Indigo,12,Ergonomic,39,919,2017-09-19,"Wilkinson, Macejkovic and Schumm"
2A3S0X9J5C4B5W7N1,Plymouth,Voyager,Teal,1,Self-enabling,40,920,2017-07-29,Harris Group
8F0L2Z9Z3A0Q5L7W5,Hyundai,Genesis Coupe,Purple,6,Open-architected,17,921,2017-08-10,Howe Inc
4W6O7D3U6G4Y5R6V7,Lexus,SC,Indigo,11,Open-architected,12,922,2017-08-02,Gislason LLC
1M8S4G5T6K3T3T7F1,Cadillac,Seville,Crimson,10,client-driven,47,923,2018-03-01,Paucek-Mayert
5W3Q8X2C4W1U4O1N5,Ford,Ranger,Green,12,Horizontal,49,924,2017-07-07,"Dach, Sanford and Marquardt"
3N4N2D3R6T5G3N9I7,Pontiac,Bonneville,Aquamarine,7,hierarchy,41,925,2017-11-07,Boyle LLC
7C0M6M7T3B4K2K0N2,Infiniti,I,Indigo,2,zero tolerance,31,926,2018-03-18,Little Inc
6U8U5N8J0S4M1J1E8,GMC,Suburban 1500,Violet,14,benchmark,46,927,2018-03-09,"Jacobs, Jacobi and Hoeger"
1W7G1H3N2D8U9J7G2,GMC,3500,Fuscia,13,info-mediaries,41,928,2018-01-05,O'Kon Group
2O2R2H9G7A3E2E5R3,Buick,Century,Orange,7,national,40,929,2017-12-02,Bogisich-Sauer
2S6I0T3F7G3V8B9U0,Citroën,CX,Crimson,9,Quality-focused,15,930,2017-05-28,"Berge, Hessel and Hackett"
9T3I9G4J5C1Q7C4P4,Buick,Century,Purple,15,Face to face,23,931,2017-09-30,Berge-Berge
0W1K9W3U4V5W7A8D8,Dodge,Dakota,Khaki,12,approach,31,932,2017-09-22,Thompson-Carroll
8E6O5D4S3H0Z7L9O3,Mazda,626,Maroon,6,process improvement,47,933,2018-03-16,"Gutmann, Wehner and Schiller"
8L0O1X3M8C0C4X4C8,GMC,Acadia,Aquamarine,15,Public-key,44,934,2017-12-26,Beer Inc
3Q4P2Y2O5P2C9Y0D7,Mitsubishi,GTO,Crimson,13,Optional,34,935,2017-12-03,"Bernhard, Homenick and Franecki"
1H6S3G1V1Z9D9O6W9,Mitsubishi,Diamante,Yellow,6,Horizontal,25,936,2017-06-29,Kreiger and Sons
3U9O6W8A4R7O8B2M2,Dodge,Avenger,Violet,6,knowledge user,50,937,2018-02-05,Halvorson-Boyer
7K5J5Z4M6Z7O6H2K7,Pontiac,Sunbird,Puce,1,Profound,41,938,2017-12-26,Rowe Group
0H1X6D1F4Z6P7H5U2,Hummer,H3,Green,10,installation,33,939,2017-06-29,Quigley Inc
0V5K3W0R6P5E5H3E9,Subaru,Forester,Turquoise,2,functionalities,15,940,2018-01-27,"Rath, Walter and Cummerata"
7Q3N8P6Q3J9L1R5P2,Toyota,Tundra,Indigo,16,Synergized,23,941,2018-01-08,"Schimmel, Hackett and Lind"
5V8P0Y6C3G6M2L6U6,Chrysler,Crossfire,Indigo,1,definition,46,942,2017-07-15,"Purdy, Toy and Kuhn"
2Q5L9H6F5V1E1Q4V4,Chevrolet,Suburban,Goldenrod,7,executive,26,943,2017-06-14,"Douglas, Mosciski and McLaughlin"
4T3V4M5Q5Y3K2X7J1,Subaru,Impreza,Pink,4,data-warehouse,39,944,2017-04-02,"Lockman, Runolfsson and Batz"
6B2F4I0W0A3T6H5P3,Scion,tC,Khaki,3,initiative,33,945,2017-07-23,Kihn-Hahn
4Z6M6K7O1T8C6J2H9,Lamborghini,Diablo,Goldenrod,16,software,28,946,2017-07-09,Denesik-Jakubowski
9L7Y4M0I4Y4S8T6A1,Subaru,Tribeca,Purple,3,projection,49,947,2017-09-25,Hodkiewicz-Weimann
7N7H2U3C1O1P3V5C5,Porsche,Cayenne,Indigo,8,frame,42,948,2018-01-30,Ritchie Inc
7G5R8C2Z5R4V1W8Q8,Kia,Rio,Crimson,12,task-force,25,949,2017-04-17,Stokes-Zulauf
0P9N2O3S7H2V1M1K1,Lamborghini,Diablo,Maroon,2,orchestration,42,950,2017-05-12,"Kihn, Thompson and Crona"
6D9I3R8P7S0K1X9V3,Jaguar,XF,Aquamarine,9,Focused,21,951,2017-08-03,Gerlach-Prosacco
7Z0D9V9H8C6T4B9Z5,Honda,Civic,Turquoise,15,fault-tolerant,21,952,2018-01-16,Hirthe Group
8F1I2O6L1H0A4H7F7,Volvo,XC90,Indigo,11,functionalities,48,953,2018-03-03,"Dooley, Kshlerin and Kohler"
0E9V9O2Z3O0U3S6T1,Infiniti,I,Green,5,Monitored,21,954,2017-04-05,Bechtelar-Watsica
3Q7W7J6M2E2T3Z4B0,Mercedes-Benz,CL-Class,Violet,13,Open-architected,42,955,2017-04-11,Gorczany LLC
7P4E0Y5Q0V2Q0F2V8,Volkswagen,GTI,Teal,3,analyzing,41,956,2017-05-14,Upton Inc
1L8U6Z4H0Q7S2O2V7,Chevrolet,Corvette,Puce,11,function,39,957,2017-07-29,"Ruecker, Abbott and Feil"
6Z3N9P7E7A3D0S0J1,Mercedes-Benz,SLR McLaren,Puce,7,scalable,35,958,2017-11-21,"Rutherford, Morissette and Dicki"
7S1H6K5E1Y3J3Z7H6,Mercury,Cougar,Orange,9,archive,33,959,2017-05-20,"Schinner, Weber and Kub"
0F0M6F1C6L6P4Y9Q5,Ford,F250,Red,2,capacity,26,960,2017-08-31,O'Kon-Brekke
6S1V9B1K1C1V1J6Z3,Mitsubishi,Eclipse,Teal,7,Persevering,22,961,2017-07-08,Runte LLC
9Y9P2Z8U4H1Y7O5T1,Saturn,Aura,Crimson,1,Decentralized,13,962,2017-05-09,"Schuster, Dickinson and Gerlach"
0Q9C8T3O7P0L0Y2X6,Chevrolet,Corvette,Teal,12,installation,34,963,2018-03-06,Hickle-Boyer
1E5M5H8P7I0A7J2S0,Lincoln,Town Car,Indigo,11,bi-directional,22,964,2017-10-08,"Rath, Greenholt and Ritchie"
7C5S9P1S9X6S8L5M7,Subaru,Justy,Khaki,13,human-resource,48,965,2017-07-24,Mayert LLC
3N7S5E7Q3P3A6E6P6,Mercury,Tracer,Violet,4,Down-sized,31,966,2017-05-09,O'Reilly-Schiller
7O6J9M3O1Y4S0A6K9,Mercedes-Benz,CLS-Class,Violet,15,Cross-platform,24,967,2018-02-09,"Funk, Hansen and Ritchie"
9D6U6W1D5U0E8O4K2,Pontiac,G3,Aquamarine,1,directional,33,968,2017-10-09,West Group
3C8E2I4I7W8M3X6K4,Mercury,Grand Marquis,Purple,13,Fundamental,44,969,2017-11-21,"Hudson, Miller and Murphy"
2I7V4L9F7Y3Y2E4G9,Chevrolet,Suburban 2500,Crimson,4,bottom-line,40,970,2017-06-25,Bogisich LLC
4B5A4K5N2Q7Q3N2T5,Ford,E-Series,Aquamarine,2,architecture,33,971,2017-07-30,Purdy-Hilpert
4K4Y4H1O2Q7C7R1J6,Buick,Enclave,Aquamarine,10,heuristic,23,972,2017-12-29,Mitchell-Harris
2G6Z0J9M9E3F5G9W8,BMW,6 Series,Puce,2,secondary,41,973,2017-10-14,Emmerich LLC
1H2A6K8G0V0P0D4X5,Chevrolet,Express 3500,Purple,1,dedicated,10,974,2017-05-13,"Schoen, Kuhic and Rau"
1Y4A6Z9Y5J6B7F4Z6,Ford,Econoline E250,Blue,12,framework,38,975,2017-11-15,"Senger, Rogahn and Halvorson"
9J1P3L3Q0E2S3F6A4,Chevrolet,Express 3500,Crimson,4,extranet,24,976,2017-09-24,Schneider LLC
7G3Q9D1S6F6I1X3I2,Suzuki,Samurai,Green,12,complexity,21,977,2017-04-01,Nader-Morar
0S9Q4J3Z6F9D3L6S8,Toyota,4Runner,Teal,1,support,22,978,2017-05-04,Barton-Crooks
4A6G5R4U5D6P0T1L9,Chevrolet,Impala,Pink,15,database,48,979,2017-11-09,"Batz, Jacobs and Maggio"
2L3D3M0E2H8Q3F2W6,Lincoln,Continental,Crimson,1,Customizable,13,980,2018-02-24,Ortiz-Hettinger
6G6O1S2A5R8R0Q6H7,Mercedes-Benz,SL-Class,Crimson,12,budgetary management,12,981,2018-03-14,Abbott Inc
3V8B7Q5U9J3Q7H6I6,Chrysler,PT Cruiser,Teal,16,secured line,28,982,2017-12-18,"Parisian, Jones and Cormier"
1C5Z5E1Z7Z7Q8J2X6,Buick,Skylark,Red,11,Visionary,38,983,2017-07-27,VonRueden Inc
2F7X0Z6O9P3F2O1S4,Kia,Sorento,Blue,11,Enhanced,11,984,2017-09-18,Cartwright LLC
6O2S4V7N7F4J6F3D3,Porsche,928,Blue,6,Multi-channelled,10,985,2017-05-05,Corkery and Sons
7I3C0I1Y1O7A0C2V7,Volvo,940,Yellow,3,next generation,21,986,2017-06-18,Murazik LLC
7U7C0C5I0H4F2B9E4,Mercedes-Benz,CL-Class,Goldenrod,5,Optional,33,987,2017-09-14,"Braun, Schneider and Farrell"
6Z9W1I8X9N1B3W5X0,Toyota,Tacoma,Green,1,radical,14,988,2017-06-09,Gleason Group
5P5P3M6R0W4Q0Z5K9,GMC,Sierra 3500,Crimson,9,knowledge base,31,989,2018-02-02,"Rempel, Beer and Mertz"
4M4J6Z0N5O4R0C2S9,Cadillac,Fleetwood,Green,2,Extended,18,990,2018-02-02,Koss LLC
6F4M8Z1W7R6A9S9M6,Chevrolet,Express 3500,Fuscia,1,Distributed,39,991,2017-09-04,Waelchi and Sons
9I7A8I0T1N5R6V1D8,Pontiac,LeMans,Mauv,13,concept,50,992,2017-09-05,Bergnaum-Kirlin
5V8J5X3U8W0J9B6E0,Mitsubishi,Diamante,Aquamarine,2,tertiary,15,993,2017-07-03,"Wintheiser, Gaylord and Rempel"
4V0O6K5E6C8T3P1Q0,Pontiac,Trans Sport,Blue,11,Team-oriented,16,994,2017-04-18,Sipes-Hartmann
3N0T0I5W6U5T9A0M5,Mercedes-Benz,S-Class,Turquoise,13,methodical,37,995,2017-06-08,Rohan LLC
9X5V3B0T1O2Y5P0R4,Chevrolet,TrailBlazer,Pink,14,implementation,35,996,2017-10-29,Hilpert-Schmidt
3K8T6E6W0R4G7F6S0,Ford,F350,Blue,3,logistical,13,997,2017-04-16,"O'Keefe, White and Connelly"
7X2U9J8B8U8U2M8N7,Ford,E-Series,Puce,9,human-resource,27,998,2017-07-23,McDermott-Gutmann
1J8C9K0B5H2Y6F2I0,Porsche,Panamera,Puce,7,analyzer,50,999,2017-07-01,Hickle Group
3Y4S3S6W8A1K9O8X3,Chevrolet,Avalanche 2500,Fuscia,1,capability,40,1000,2018-01-27,VonRueden-Harber
